NOS1,Ctbp1
BAX,Bak1
NCOA4,Nr3c1
Bcar1,Pik3r1
MAPKAPK2,Tsc2
Tsc2,YWHAB
PTPN13,Apc
Ctbp1,Nos1
Gemin2,Smad9
Picalm,Ehd2
Ehd2,Slc2a4
AATF,Tsg101
DYNLL1,Car1
DYNLL1,Ldha
DYNLL1,Aldoa
DYNLL1,Mta1
DYNLL1,Cacnb1
DYNLL1,Glul
DYNLL1,Actb
DYNLL1,Actg1
DYNLL1,Mdh1
DYNLL1,Vim
DYNLL1,Zfp780b
DYNLL1,Glud1
DYNLL1,Tuba1a
DYNLL1,Tubb2b
DYNLL1,Gphn
DYNLL1,Pfkp
DYNLL1,Pfkm
DYNLL1,Pard3
DYNLL1,Map1lc3b
DYNLL1,Dync1h1
DYNLL1,Mastl
DYNLL1,Dlg4
DYNLL1,Dnm3
DYNLL1,Grin2a
DYNLL1,Mtr
DYNLL1,Dnm2
DYNLL1,Clip2
DYNLL1,Nos1
DYNLL1,Grin3a
DYNLL1,Ube2k
Baiap2,Dlg3
Baiap2,Eps8l1
Baiap2,Cnksr3
Baiap2,Dlg1
Baiap2,Magi2
Baiap2,Lin7b
BAIAP2,Lin7b
Agap2,Homer1
Agap2,Homer2
Adora1,Epb41l2
Glrb,Gphn
Glrb,Pfn1
Glrb,Gphn
Glrb,Pfn1
Gphn,Pfn1
Gphn,Pfn2
Gphn,Enah
DPYSL2,Numb
Scn2a,SCN4B
MLLT10,Tuba1a
Epn1,Tuba1a
Tuba1a,Epn2
TP53,Hipk1
Arc,Tfpt
Ruvbl1,PLG
Smarcd1,Jun
Smarcd1,Fos
Smarca4,Smarcb1
P2rx7,ACTB
P2rx7,HSPA8
P2rx7,HSPA4
P2rx7,PTPRZ1
P2rx7,ITGB2
P2rx7,MPP3
P2rx7,LAMA3
P2rx7,ACTN4
P2rx7,SVIL
P2rx7,HSP90AA1
Ncald,Cltc
Ncald,Actb
Ncald,Gapdh
Clic4,Ywhae
Clic4,Ywhaz
Clic4,Actb
Clic4,Dnm1
Dnm1,CLIC4
Clic4,CAV1
Pld2,Actb
PLD2,Actb
PLD1,Actb
Rab11b,SREBF2
SUV39H2,Cggbp1
TOE1,Dnaja2
GOLGB1,Sh3d21
Nfe2l2,Atf4
Ppara,Dut
Dut,Ppara
Dut,Ppard
Dut,Pparg
ANXA6,Rasa1
Gabarap,Gabrg1
Gabarap,Gabrg2
Gabarap,Gphn
Pex5,Hspa4
SRF,Ssrp1
Rps6ka1,ETV1
Snap25,STX1A
Snap25,STX2
Snap25,STX3
Snap25,STX4
STXBP1,Apba1
STXBP1,Apba2
STXBP1,Dlg4
STXBP1,Stx5
Apba1,Stxbp1
Apba1,Stx1a
Apba1,Snap25
Apba2,Stxbp1
Apba2,Stx1a
Snap29,Ap2a1
Igf1r,Ehd1
Igf1r,Snap29
Snap29,Ehd1
FXYD7,Atp1a1
FXYD7,Atp1b1
ZHX1,Zhx1
BTG2,Pick1
CEACAM5,Hnrnpm
Psmc3ip,NR3C1
Lepr,Apod
Pik3r2,Irs1
Pik3r2,Irs2
GNAI3,Nucb1
Crhr2,UCN
Rac1,Tuba1a
Rac1,Tubb2b
MECR,Hnf4a
MECR,Thrb
Gabrr3,Sqstm1
Slc40a1,Sqstm1
Sqstm1,Prkcz
Sqstm1,Kcnab2
Csnk1e,Per1
Csnk1e,Per2
Csnk1e,Per3
CEBPA,Atf2
Atf2,CEBPB
Clip1,CLASP2
Grm7,FLNA
Grm5,FLNA
Grm8,FLNA
Grm7,FLNA
Cib1,Plk2
Cib1,Plk3
Ngfr,Maged1
CELF2,Apob
Myo7a,Keap1
SH3GLB1,Map4k3
NFASC,Sdcbp
NFASC,Sdcbp2
Sdcbp2,Sdcbp
Caskin1,Cask
DLG4,Cript
DLG4,Kcna4
DLG4,Grin2b
Rgs12,CXCR2
Ppara,NRIP1
Adrb2,Akap5
Adrb2,Prkcg
Tcf3,Twist1
Tcf3,Id3
Tcf3,Psmd9
Rps6kb1,CSNK2B
Mtor,EIF4EBP1
Eif4e,EIF4G1
Thra,PIK3R1
Tsc2,TSC1
Mtor,GPHN
Tsc1,Ren
Tsc1,Tsc2
Nefl,Tsc2
MTOR,Stat3
Irs1,Pik3r1
FKBP1A,Mtor
Nefl,Tsc1
Pik3r1,Thra
Coasy,Rps6kb1
Mtor,Eif4ebp1
Eif4e,Eif4ebp1
INSR,Grb14
Tnr,Bcan
Ephb1,EFNB2
Itpr2,TRPC4
Slc12a3,Pdia3
Uxs1,Akt1
Nutf2,Ran
Amph,Dnm1
Sos1,Pacsin1
Thrb,MED1
Thrb,ZNHIT3
Thrb,TRIP4
Thrb,KIF11
Thrb,TRIP6
Thrb,HMGN3
Thrb,JMJD1C
Thrb,NFKBIB
Thrb,TRIP10
Thrb,TRIP11
Thrb,COPS2
Strbp,Eif2ak2
Prkaa1,CFTR
Ar,CTNNB1
HTT,Ncor1
VAMP8,Stx7
VAMP8,Vti1a
VAMP8,Stx8
Csnk2a1,PUF6
Pxn,Ilk
Sorbs2,Dlgap1
Nos1,Cav3
Ywhab,Snca
Snca,Prkce
Snca,Prkca
Snca,Prkcg
Bad,Snca
Snca,Raf1
Snca,Map2k1
Tnfrsf8,TRAF2
Tnfrsf8,TRAF5
Snca,Th
Ebf1,Zfp423
Kiss1r,Kiss1
Dapk3,Pawr
Dapk3,Rab3ip
Dapk3,Atf4
Dapk3,Tpm1
Dapk3,Aatf
Homer1,Shank1
Homer1,Shank3
Shank3,Dlgap3
Shank3,Grm5
Gfra1,Nrtn
Gfra1,Gdnf
Kcna2,Cttn
Rabif,Rab15
CDK5R1,Cdk5rap3
CDK5R1,Cdk5rap1
CDK5R1,Cdk5rap2
Efs,Ptk2b
Ptk2b,EFS
Plcg1,Snap91
Vdac1,BCL2L11
RXRA,Parp1
Kcnab1,Kcna2
Epn1,Zbtb16
Apbb1,APP
Csnk1d,AKAP9
Csnk1e,AKAP9
Scnn1g,Wwp1
Scnn1g,Tsg101
Scnn1g,UBE2I
Khdrbs3,KHDRBS1
Khdrbs3,YTHDC1
Khdrbs3,SRSF9
Khdrbs3,HNRNPL
Khdrbs3,RBMX
Khdrbs3,SAFB
Safb,Khdrbs3
Khdrbs3,Khdrbs1
Khdrbs3,Rbmx
Khdrbs3,Ythdc1
Slc40a1,Prkcz
Slc40a1,Kcnab2
Kcnab2,Prkcz
Slc40a1,Kcnab1
Prkcz,Fez1
Uts2r,UTS2
CRHR1,Ucn
Crhr2,Ucn
Crhr2,Ucn
Crhr2,UCN2
Crhr2,UCN3
Crhr2,Ucn2
Crhr2,Ucn3
GOPC,Stx6
ATP2B2,Dlg4
ATP2B2,Dlg1
ATP2B2,Dlg2
ATP2B4,Dlg4
ATP2B4,Dlg1
ATP2B4,Dlg2
GMEB1,Ube2i
GMEB2,Ube2i
Ube2i,Nr3c1
Ube2i,Nr3c1
Sftpd,MFAP4
Rph3al,Rab3a
RALA,Exoc4
Pawr,WT1
EPS15,Synj1
Synj1,Eps15
GRB2,Synj1
RALA,Exoc3
RALA,Ralbp1
Kcnd2,KCNIP4
DVL1,Axin1
Axin1,DVL3
Axin1,GSK3B
Axin1,CTNNB1
Axin1,APC
Hspa8,DNAJB1
Hspa8,DNAJC3
Atp1a1,Cfl1
Sstr2,DLG3
Sstr2,SNTA1
Sstr2,SHANK2
Sstr2,Shank2
Lrrc41,Tceb1
Lrrc41,Tceb2
Tceb2,Tceb1
CUL5,Tceb3
Nmu,NMUR1
Nmu,NMUR2
Ap2a2,Sptbn2
Ap2a2,Aagab
Ap1g2,Synrg
Stx1a,Stxbp1
Stx1b,Stxbp1
Stx3,Stxbp1
STX3,Stx17
Pou1f1,PITX2
NPTX2,Nptxr
NPTX2,Nptx1
Nptxr,Nptx1
Ucn,Crhr1
UCN,Crhr1
CRH,Crhr1
CRH,Crhr2
SRF,Gata2
SRF,Gata4
SRF,Gata6
Lamc1,Klf4
Nolc1,Cebpb
Cebpb,Gtf2b
Dlg4,AKAP5
Dlg1,AKAP5
AKAP5,Grin2b
AKAP5,Gria1
SOS1,Ptk2b
Ntrk2,Gipc1
TGFB1I1,Git1
Git1,PXN
Lrrc7,CAMK2A
Lrrc7,CAMK2G
Lrrc7,ACTN4
Lrrc7,Camk2a
Bckdk,Bckdhb
Pld2,Gm2a
EIF2S2,Eif5
Mapk1,HIF1A
Dcx,Nfasc
Nrxn1,Cask
Nrxn3,Cask
Nrxn2,Cask
Cask,Apba1
Dlg1,Mpp3
Dlg1,Cask
Dlg1,Dlg2
Nrxn1,Apba1
Nrxn1,Apba2
Ogt,Trak2
Trpc1,Trpc4
Trpc1,Trpc5
ESR1,Nr0b2
Nr0b2,Esr2
Itsn1,Wasl
CLTC,Epn1
CABP2,Camk2g
Slc4a7,Cftr
SHANK1,Lphn1
Dlgap1,SHANK2
Dlgap1,Shank1
Dlgap1,Shank3
Shank1,DLG4
Dlgap1,DLG4
SRSF9,Safb
Safb,TRA2B
Safb,SRSF1
Safb,U2AF1
Safb,SRSF6
Safb,Clk2
ITPR1,Homer1
ITPR1,Homer2
Pebp1,Map3k7
MAP3K14,Pebp1
IKBKB,Pebp1
CHUK,Pebp1
Pebp1,MAP3K7
Nr3c1,YDJ1
Nr3c1,SSC1
Nr3c1,HSC82
Nr3c1,HSP82
Gsk3b,E2f1
Numbl,Aup1
Rps6kb1,RBX1
Usp9x,Nuak1
Ntrk1,Sqstm1
UBC,Sqstm1
GRIN2A,Dlgap2
GRIN2B,Dlgap2
GRIN2D,Dlgap2
Ntrk1,Cyld
Cdkn1b,Skp2
Rb1,E2f1
Ncam1,Ubb
HIF1A,Vhl
RANBP2,Ube2i
RANBP2,Psmd4
RANBP2,Psmc6
RANBP2,Psmd1
Arrb2,ADRB2
Arrb2,CLTC
Arrb2,AP2M1
Arrb2,RAF1
Ap1m1,March11
Lin7a,March11
March11,Lin7c
Cdk5,Park2
FCHO1,Eps15
SGIP1,Eps15
MRS6,Rab3a
Arf6,Pex3
Arf6,Abcd3
Mecp2,ATRX
Runx2,Hdac4
Slc6a3,Nedd4
Slc6a3,Eps15
Slc6a3,Epn1
PARK2,Eps15
Ubr5,PAIP2
Hr,Hdac3
Hr,Hdac2
Hr,Hdac1
VPS18,Plk2
VPS16,Plk2
VPS33A,Plk2
Plk2,VPS11
Prkaca,cnbpa
PSMA4,Park2
Npm3,Tnp2
Kat2b,Tnp2
Ep300,Tnp2
Rela,Hdac1
CHRM2,Set
Rest,Hdac4
Rest,Hdac5
F2RL1,Cbl
Tspy1,Hist3h2a
Tspy1,Hist1h2bl
Elk1,Srf
Mkl1,Srf
Zeb1,Srf
Smad3,Zeb1
Ogt,Atxn10
CBL,Ngfr
Oaz1,CCND1
SIAH1,Sncaip
SNCA,Sncaip
Epc1,Ep300
SGS1,Rnf4
SLX5,Rnf4
SLX8,Rnf4
Myc,Brf1
Ephb1,Brf1
Rb1,Brf1
Adrbk1,HDAC5
Adrbk1,GNB1
Crebbp,Fgfr1
Csnk1a1,esc
Siah1,Sncaip
Suv39h1,Rbl2
Hdac1,Rbl2
Crebbp,Cebpb
Crebbp,Sox9
Ep300,Cebpb
Dnmt3b,Hdac2
Wnt3a,Lrp6
ADCY5,Mycbp2
Parp1,Hes1
Parp1,Tle1
Parp1,Rad50
Parp1,Top2b
Parp1,Ncl
Parp1,Sfpq
Parp1,Npm1
Parp1,Polr2a
Parp1,H3f3b
Parp1,Hist1h4b
Parp1,Crebbp
Parp1,Kat2b
Parp1,Src
Parp1,Taf1
Parp1,Camk2a
Hes1,Polr2a
Hes1,Crebbp
Hes1,Kat2b
Hes1,Src
Hes1,Camk2a
Hes1,Sfpq
Cd276,Treml2
HDAC5,Ywhae
IGF1R,Arrb1
Shc1,Grb2
Vdr,Runx2
Gtf2b,Crebbp
Gtf2b,Ep300
Prkca,Hmgb1
Prkcb,Hmgb1
Prkcg,Hmgb1
Prkcd,Hmgb1
Cyp2e1,Hsp90aa1
Cyp2e1,Hspa4
Cyp1a1,Hsp90aa1
Cyp1a1,Hspa4
Cyp2b1,Hsp90aa1
Cyp2b1,Hspa4
Cyp27a1,Hspa4
Crebbp,Pou1f1
Crebbp,Pou1f1
NCOR1,Nr3c1
NCOR2,Nr3c1
Sp1,Snurf
Snurf,Sf1
Cyp3a23/3a1,Ubc
Dvl1,Cxxc4
Axin1,Dvl1
Ctnnb1,Cxxc4
Ror2,Fzd2
Csnk2b,Cbx2
Mapk1,PARP1
Myc,Kdm1a
Klf4,Smad2
Klf4,Smad3
runx2b,Vdr
Runx2,Vdr
RUNX1,Vdr
RUNX3,Vdr
Mapk3,Prkca
Mapk3,Mapk1
Mapk3,Cnn3
Mapk1,Prkca
Mapk1,Cnn3
Cnn3,Prkca
Cnn1,Mapk1
Xrcc6,TP53
Atm,TP53
Atr,TP53
Chek2,TP53
Ubc,Itpr3
Ret,Ubc
Cbl,Ret
Tp53,Hsp90aa1
Tp53,Hspa4
Tp53,Cyp27b1
Ubxn2b,Vcp
Ubc,Vcp
Cdk9,Gata4
Ep300,Gata4
Tacr1,Ubc
Tradd,Ubc
Prkcd,Ubc
Prkca,Ubc
Prkce,Ubc
Ahr,Ubc
Ahr,Aip
Ahr,Hsp90aa1
Ahr,Arnt
Traf6,Numbl
RARA,Pdia3
Cdkn1b,Rnf123
Creb1,Ubc
Kcnq3,Nedd4
Nedd4,Kcnq2
Kcnq3,Ubc
Kcnq2,Ubc
Itpr1,Ubc
Itpr2,Ubc
Pten,Ubc
Pten,Nedd4
Cks1b,Skp2
Skp2,Kras
Skp2,Cdkn1c
Skp2,Rbl2
Cdk4,Rassf1
Skp2,Rassf1
Ubc,Kras
Ubc,Cdkn1b
Ubc,Cdkn1c
Ubc,Rbl2
Ubc,Rassf1
Ubr2,Ube2b
Foxo1,Sirt1
Cyp3a62,Ubc
Egfr,Cbl
Egfr,Ubc
Cbl,Spry2
Cbl,Ubc
NEDD4,Tnik
NEDD4,Rap2a
Rnf187,Jun
Cbl,Irs1
Kcnq1,Ubc
Apbb1,NEDD4L
Nedd4l,APBB1
Snca,Siah1
PARK2,Atxn3
Camkk2,SNF1
Ppm1a,SNF1
Siah2,Snca
STAU1,Rplp0
STAU1,Pabpc1
STAU1,Ppp1ca
Trpv4,Arrb1
Trpv4,Agtr1a
Stub1,Nefm
Ksr1,Map2k1
Ksr1,Map2k2
Ksr1,Ywhab
Ksr1,Hsp90aa1
Ksr1,Cdc37
Cdk4,Runx3
Gpsm1,Usp9x
Mib1,Ago2
Mib1,Nipsnap1
Mib1,Rab11fip2
Mib1,Kif2a
Mib1,Kif21a
Mib1,Eea1
Mib1,Kpnb1
Mib1,Kpna1
Mib1,Csnk2a1
Mib1,Pptc7
Mib1,Cdk5
Mib1,Mark1
Mib1,Brcc3
Mib1,Usp9x
Mib1,Coro1a
Mib1,Dtna
Mib1,Dtnb
Mib1,Sntb1
Mib1,Sdc4
Mib1,Ctnnd1
Mib1,Hnrnpul1
Mib1,Psmd14
Mib1,Cdk5r1
Cdk5r1,Cdk5
Cacna1c,Vcp
Cacna1c,Derl1
Trim13,Cacna1c
PPP1CC,Eif2b5
PPP1CA,Eif2b5
Erlin1,Erlin2
Prkaca,HIST2H2BE
Prkaca,HIST1H4A
Prkaca,MBP
Cdk2,Kras
Kras,Cdc27
Kras,Cdc20
Cdc27,Cdc20
Tp53,Ubc
Tp53,Mdm2
Nos1,HSPA4
Nos1,HSP90AA1
Nos1,STUB1
Usp9x,Snca
NRGN,Calm1
Irs4,Asb4
Hif1a,Cul2
Hif1a,Vhl
Hif1a,Mdm2
Hif1a,Ubc
Grm5,Gopc
Grm5,GOPC
Ubc,Gad2
Ubc,Gad1
Ctnnd2,Ubc
Ctnnd2,Apc
Ctnnd2,Ctnnb1
Ctnnd2,Gsk3b
Ctnnb1,Apc
Gsk3b,Ctnnb1
Gsk3b,Apc
Cdkn1b,Rchy1
Tnni3,Ubc
Tnnt2,Ubc
PGR,Batf3
PGR,Jdp2
Dcn,Ubc
Calm1,Pth1r
Calm1,Pth2r
Calm1,Vipr2
Calm1,Vipr1
Calm1,Crhr1
Calm1,Calcr
Calm1,Glp1r
Calm1,Glp2r
Calm1,Sctr
Prkcg,GABRR1
Camk2n1,GABRR1
SMURF1,Pard6a
Esr1,Ubc
Esr1,Stub1
Esr1,Bag1
Stub1,Bag1
Esr2,Ubc
Esr1,Nedd8
Drd1,Grin1
Drd1,Grin2a
Grin1,Grin2a
Cebpg,E2f4
Cebpg,Rb1
Cebpg,Smarcd2
CUL5,Tceb2
Cul4a,Tceb2
Cul4a,Tceb3
DSK2,Bcl2l11
mud1,Bcl2l11
Slc2a1,Ubc
Ubc,Arrb2
Grm2,RANBP9
Grm8,Flna
Grm8,Hipk2
Grm8,Pias1
Grm8,Pias3
Grm8,Rock2
Grm8,Ube2i
Grm8,Ube2m
Grm4,Pias1
Grm6,Pias1
Grm7,Pias1
Grm8,Pias1
Grm4,PIAS3
Grm6,PIAS3
Grm7,PIAS3
Grm8,PIAS3
Grm4,CBX4
Grm6,CBX4
Grm7,CBX4
Grm8,CBX4
Grm4,UBE2I
Grm6,UBE2I
Grm7,UBE2I
Grm8,UBE2I
Grm8,SUMO1
Grm8,Cbx4
Kcnip3,Sumo1
Kcnb1,Sumo2
Kcnb1,Sumo3
Kcnb1,Sumo1
Kcnb1,Ube2i
Nedd4,FOXJ2
Nedd4,PLSCR3
Nedd4,WBP2
Nedd4,ABL1
Nedd4,FGF12
Nedd4,FKBP3
Nedd4,ANXA9
Nedd4,EIF5
Nedd4,MAPKAPK5
Nedd4,YY1
Nedd4,MAP2
Nedd4,DYT10
Nedd4,ZAK
Nedd4,SLC23A2
Nedd4,BEAN1
Nedd4,AKT3
Nedd4,AQP9
Nedd4,MAPKAPK3
Nedd4,FLT1
Nedd4,BRAF
Nedd4,TIMM10
Nedd4,SERPIND1
Nedd4,CUEDC1
Nedd4,CAMK1D
Nedd4,SGK2
Nedd4,MAP3K3
Nedd4,TEC
Nedd4,CDK5
Nedd4,AKT1
Nedd4,PDGFRA
Nedd4,ACAN
Nedd4,MAP3K8
Nedd4,TRPT1
Nedd4,BLK
Nedd4,PRKCD
Nedd4,FYN
Nedd4,MAP2K1
Nedd4,BMPR1B
Nedd4,DNAAF2
Nedd4,MAPK12
Nedd4,RGS3
Nedd4,KLC4
Nedd4,NTRK2
Nedd4,BTK
Nedd4,EGFR
Nedd4,POLR3D
Nedd4,CSNK2A1
Nedd4,STK16
Nedd4,ADRBK1
Gorasp1,Ubc
Gorasp1,Fbxw8
Stx1a,Snap25
Stx1a,Vamp2
Sumo3,Akr1b1
Sumo3,Myh9
Sumo3,Rpn1
Sumo3,Ube2i
Sumo3,Runx1
Sumo3,Serpinh1
Sumo3,Eef2
Sumo3,Hnrnpa1
Sumo3,Ldha
Sumo3,Ppp2ca
Sumo3,Ubc
Sumo3,Acta1
Sumo3,Cltc
Sumo3,Eif2s1
Sumo3,Sox10
Sumo3,Anxa2
Sumo3,Nop58
Sumo3,Tuba1a
Sumo3,Safb
Sumo3,Rps14
Sumo3,Arf2
Sumo3,Hspa8
Sumo3,Prmt1
Sumo3,Ptbp1
Sumo3,Lig1
Sumo3,Msn
Sumo3,Gnai2
Sumo3,Msh2
Sumo3,Vdac1
Sumo3,Vdac2
Sumo3,Nefl
Sumo3,Impa1
Sumo3,Vim
Sumo3,Pgam1
Sumo3,Pias2
Sumo3,Rab14
Sumo3,Gnb2l1
Sumo3,Xpnpep1
Sumo3,Zhx1
Sumo3,Gbp2
Sumo3,Nacc1
Sumo3,Slc25a3
Sumo3,Hspa4
Sumo3,Gstp1
Sumo3,Hnrnpf
Sumo3,Tubb5
Sumo3,Eef1a1
Sumo3,Hsp90aa1
Sumo3,Rpl3
Sumo3,Cct3
Sumo3,Pgk1
Sumo3,Gdi2
Sumo3,Atp5a1
Sumo3,Aco2
Sumo3,Eif4a1
Sumo3,Pfn1
Sumo3,Mdh2
Sumo3,Rab1a
Sumo3,Krt5
Sumo3,Lmna
Sumo3,Ddx39b
Sumo3,Cct5
Sumo3,Pa2g4
Sumo3,Eef1g
Sumo3,Eif3d
Sumo3,Rap1a
Sumo3,Atp5b
Sumo3,Tuba4a
Sumo3,Tars
Sumo3,Arhgdia
Sumo3,Ddx5
Sumo3,Arcn1
Sumo3,Galk1
Sumo3,Brd8
Sumo3,Krt10
Sumo3,Rps3
Sumo3,Kif22
Sumo3,Sumo1
Sumo3,Nup93
Sumo3,Tardbp
Sumo3,Sae1
Sumo3,Rangap1
Sumo3,Cap1
Sumo3,Nono
Sumo3,Zbtb38
Sumo3,Phb2
Sumo3,Pcbp2
Sumo3,Matr3
Sumo3,Aldoart2
Sumo3,Hnrnph2
Sumo3,Uba1
Sumo3,Wdr1
Sumo3,Idh2
Sumo3,Wars
Sumo3,RGD1561179
Sumo3,LOC297756
Sumo3,Eprs
Sumo3,Sox6
Sumo3,Hnrnpc
Sumo3,Rpl11
Sumo3,Zeb2
Sumo3,Actn4
Sumo3,Gtf2i
Sumo3,Nxf7
Sumo3,Eif6
Sumo3,Numa1
Sumo3,Tead1
Sumo3,RGD1561333
Sumo3,Trim33
Sumo3,Pml
Sumo3,RGD1565368
Sumo3,RGD1565900
Sumo3,Mcm3
Sumo3,Hdac1l
Sumo3,Rbm25l1
Sumo3,COX2
Sumo3,Tubb2b
Sumo3,Trim24
Sumo3,LOC306079
Sumo3,Krt1
Sumo3,Thop1
Sumo3,Mcm7
Sumo3,Hsp90ab1
Sumo3,Gnb1
Sumo3,Hnrnpu
Sumo3,Hnrnpa2b1
Sumo3,Rab5c
Sumo3,Zbtb20
Sumo3,Prpf40a
Sumo3,Zmiz1
Sumo3,Ccar1
Sumo3,Znhit6
Sumo3,Irf2bp1
Sumo3,Usp39
Sumo3,Ncor2
Sumo3,Wiz
Sumo3,Kdm5b
Sumo3,Morc3
Sumo3,Dhx9
Sumo3,Rps6ka5
Sumo3,Ddx3x
Sumo3,Nfat5
Sumo3,Bcl11b
Sumo3,Hnrnpul1
Sumo3,Hnrnpm
Sumo3,Atn1
Sumo3,Myef2
Sumo3,Xpo5
Sumo3,Rpl6
Sumo3,Tcerg1
Sumo3,Kdm1a
Sumo3,Uba2
Sumo3,Rad54l2
Sumo3,Hnrnpl
Sumo3,Pias4
Sumo3,Nab2
Sumo3,Fscn1
Sumo3,Trim28
Sumo3,Nars
Sumo3,Plec
Sumo3,Rasl2-9
Sumo3,Mcm4
Sumo3,Ccar2
Sumo3,Top2b
Sumo3,Chd3
Sumo3,Rgsl1
Sumo3,LOC679539
Sumo3,LOC680097
Sumo3,LOC687295
Sumo3,Slc25a31
Sumo3,Eno1-ps1
Sumo3,Actr3b
Sumo3,Smchd1
Sumo3,LOC681410
Sumo3,LOC100360950
Sumo3,Potef
Sumo3,Rsf1
Sumo3,Hnrnpul2
Sumo3,RGD1564606
Sumo3,Prdx1l1
Sumo3,Gars
Sumo3,Pcbp1
Sumo3,Sumo2l
Sumo3,LOC100359916
Sumo3,Cbx4
Sumo3,Flnc
Ncoa3,Sumo1
Ikbkg,Sumo1
Ss18,Pias4
Ssx1,Pias4
Pias4,Sumo1
Ssx1,Ncoa3
Ncoa3,Ubc
Fcho2,Eps15
Ube2i,Akap9
ube2i,Akap9
Hmox1,Ubc
CUL3,Tceb2
CUL3,Tceb1
Cul4a,Tceb1
CUL5,Tceb1
Tceb3,Tceb1
Tceb3,Tceb2
BCL2L11,Trim2
Trim2,Bcl2l11
Bcl2l11,Ubc
Nedd4,DDX54
Nedd4,TRIM41
Nedd4,HMCES
Nedd4,TAF1B
Nedd4,FGF21
Nedd4,STAC
Nedd4,H1F0
Nedd4,ADAP2
Nedd4,UBE2M
Nedd4,PRRG1
Nedd4,KCNAB2
Nedd4,BMPR1A
Nedd4,PPID
Nedd4,RNF7
Nedd4,NHP2
Nedd4,SIVA1
Nedd4,RASL11B
Nedd4,NUDT16L1
Nedd4,C7orf50
Nedd4,TCEAL2
Nedd4,MOB3A
Nedd4,TCP10L
Nedd4,DIRAS1
Nedd4,TCEANC
Nedd4,KCNAB1
Nedd4,ZADH2
Nedd4,PPARD
Nedd4,UBOX5
Cacnb1,NEDD4L
Acvr1b,NEDD4L
Brdt,Top1
Brdt,Sfpq
Brdt,Hsp90aa1
Brdt,Hnrnpl
Brdt,Smarce1
Brdt,Erp44
Brdt,Actb
Brdt,Elavl1
Slc14a2,Ubc
Mdm2,Slc14a2
Ubc,Myc
Bad,Ywhab
Ntrk1,Ubc
Ntrk1,Psmc2
Ntrk1,Rab7a
Ntrk1,Ctsd
Ntrk1,Psmb10
Apoa1,Lcat
Fgfr2,FGF1
Fgfr2,FGF7
Ntrk2,BDNF
Ntrk2,NTF3
Ubc,FOXO1
Tnni3,Tnnc1
Tnni3,Tnnt2
S100b,Ager
Pdlim2,Flna
Pdlim2,Myo6
Pdlim2,Actn1
Pdlim2,Actn4
Pdlim2,Myh9
Rbck1,Prkcz
Rbck1,Prkcb
Mdm2,Bcl2l1
Mdm2,Ubc
Ubc,Ppara
Mdm2,Ppara
Snap25,Stx1a
Snap25,Stx3
Snap25,Stx4
Snap25,Stx2
Stx2,Stxbp1
Stxbp2,Stx1a
Stxbp2,Stx3
Stx2,Stxbp2
Stx4,Stxbp1
Gchfr,Gch1
Cd2ap,Cask
Cd2ap,Nphs1
Cd2ap,Nphs1
Nphs1,Cask
Nphs1,Ctnnd1
Nphs1,CTNND1
Nphs1,CD2AP
Nphs1,TJP1
Nphs1,CDH3
NTF3,Ngfr
NGF,Ngfr
Ngf,Ngfr
Mdm2,Sumo1
Mapk14,Tab1
Itgb1,Dmd
Itgb1,Tln1
Itgb1,Pxn
Itgb1,Ptk2
Dmd,Tln1
Dmd,Dag1
Dmd,Ptk2
DMD,Itgb1
DMD,Ptk2
DMD,Snta1
Dmd,Actb
Itgb1,Actb
Glg1,Fgf2
Matn2,Thbs4
FN1,Thbs4
Tirap,Prkcd
Tirap,Prkch
SSTR3,Mpdz
Sstr3,Mpdz
Arrb2,Adrb2
Adrb2,Ubc
Dusp1,Ubc
Traf6,Zfp110
Zfp110,Sqstm1
Sqstm1,Traf6
Ntrk1,Ngfr
Ntrk1,Traf6
Ntrk1,Ube2l3
Traf4,Ube2l3
Traf4,Sqstm1
Ntrk1,Shc1
Lnx1,Erbb2
Mef2d,Ubc
Usp7,USP7
Itpr1,Vcp
Itpr1,Ufd1l
Itpr1,Ube4a
Scnn1a,UBC
Fbxo2,Grin1
Kcnj1,Ubc
Nedd4,Ywhah
Nedd4,Ywhab
Nedd4,Ywhag
Nedd4,Ywhae
Nedd4,Ywhaq
Sh3gl1,Ubc
Wasf2,Ubc
Sorbs2,Sh3gl1
Sorbs2,Synj1
Sorbs2,Dnm1
Sorbs2,Dnm2
Ocln,Itch
Ocln,Ubc
Scn2a,Nedd4
Sub1,Tp53
Irs1,Ubc
Irs1,Mdm2
Nfkb1,Hist3h3
Nfkb1,Hist1h4b
Gja1,Ubc
Ctnnb1,Ubc
Ubc,MYC
Cd2ap,Bcr
Cbl,Flt1
Epn1,Ubc
Eps15,Ubc
Usp9x,Epn1
Dlg4,Ubc
Dlg4,Mdm2
Lyn,Ubc
Fyn,Ubc
Lyn,Cbl
Ubc,Xiap
Socs1,Jak2
Smad2,Ubc
Hspd1,Bax
Hspd1,Bcl2l1
Ubc,Bcl2l1
Vhl,Epas1
Ubc,Epas1
Ubc,Arrb1
Ubc,Ucp1
Cnn1,Acta1
Cnn1,Prkca
Ndfip1,Nedd4
Insr,CALM3
Cdk4,Kras
Ccne1,Kras
Ccnd2,Kras
Cdk4,Ccnd2
Cdk2,Ccnd2
Ccne1,Cdk2
Cdc27,Cdh1
Cdh1,Ccna1
Cdh1,Cdk2
Itpr1,Erlin2
C2,Psmd3
C2,Psmc1
C2,Psmc3
C2,Psmc4
C2,Psmc2
C2,S8
C2,Psmd7
C2,C9
C2,Psma3
C2,C6
C2,Psma6
C2,Psma5
C2,C3
C2,Psmb6
C2,C7
C2,Psmd14
GPS2,Nr0b2
Nr0b2,gps2
Psmc5,Psmc3
Psmc5,Psmd7
Psmc3,Psmd7
Psmc3,Psme3
Fmr1,Ubc
Ccne1,Hist1h1a
Cdk2,Hist1h1a
Cdk1,Hist1h1a
Ccna1,Hist1h1a
Psmc1,Psmc5
Tbp,Psmc5
Tbp,Psmc1
Tbp,Psmc2
Psmc5,Psmc2
Tbp,Cand1
Cand1,Psmc5
Cand1,Psmc2
Camk2a,Psmc5
Psma2,Camk2a
Psmc3,RNF19A
Canx,Homer3
Canx,Psmc5
Canx,Grm1
Psma2,Homer3
Psma2,Psmc5
Psma2,Grm1
Rad23a,PSMC2
Rad23a,CAMK2A
Rad23a,CAMK2B
Rad23a,PSMC5
Psmc5,CAMK2A
CDK1,Lmnb1
CCNB1,Lmnb1
CDK2,Lmnb1
CCNA2,Lmnb1
Prkca,Mbp
Prkca,Hist3h3
Prkca,Gys1
Prkca,Egfr
Mef2d,Klf6
Prkaca,Mef2d
Mef2d,Hdac4
Foxg1,Tle1
Dab1,Capza1
Dab1,Capzb
Ddn,Magi2
Cbl,SH3KBP1
Rara,Ybx1
Rara,Klf4
Rara,Sp1
Ybx1,Klf4
Ybx1,Sp1
Klf4,Sp1
Adam15,Sgip1
Cdkn1b,Ccnd3
DNM1,Dyrk1a
Ppp3cb,AMPH
Amph,AP2A1
Amph,DNM1
Ap2a1,AMPH
Ap2a1,DNM1
Grb2,DNM1
Amph,Synj1
Bin1,Synj1
Bin1,Dnm1
Amph,Synm
Amph,Ap2a2
Csnk2b,CALM1
Ctbp1,Ikzf1
Cebpb,SMARCA2
Cebpb,SMARCA4
Cebpb,SMARCC1
Cebpb,SMARCB1
Cebpb,SMARCA5
Cebpb,BAZ1A
Cebpb,CHRAC1
Cebpb,POLE3
Cebpb,INO80
Cebpb,HLTF
Cebpb,PRKDC
Cebpb,USF1
Cebpb,TFAP4
Cebpb,BEND3
Cebpb,TFCP2
Cebpb,NR2F2
Cebpb,JUNB
Cebpb,LIG3
Cebpb,SKP1
Cebpb,PNKP
Cebpb,ATF7
Cebpb,XRCC1
Cebpb,ESRRA
Cebpb,TERF2IP
Cebpb,NR2C2
Cebpb,RFXANK
Cebpb,RFC3
Cebpb,NAP1L1
Cebpb,NFYC
Cebpb,MEIS1
Cebpb,SSBP1
Cebpb,NFIC
Cebpb,RXRB
Cebpb,DDX49
Cebpb,RFX1
Cebpb,RHOA
Cebpb,HMGB2
Cebpb,DEK
Cebpb,RAD21
Cebpb,CDK2AP1
Cebpb,POLR2L
Cebpb,RBM7
Cebpb,RPA2
Cebpb,ZBTB7A
Cebpb,PAXIP1
Cebpb,SHPRH
Cebpb,SMARCAL1
Crem,STUB1
Crem,Ubc
STUB1,Ubc
Tap2,Tap1
Tap2,CALR
Tap2,PDIA3
Tap2,TAPBP
Tap2,HLA-B
Rad23b,Myh4
Rad23b,Myom1
Rad23b,Rpn2
Rad23b,Rpn1
Rad23b,Hspa4
Rad23b,Psmd3
Rad23b,Usp5
Rad23b,Vcp
Rad23b,Psmc3
Rad23b,Psmd14
Rad23b,Usp14
Rad23b,Ubc
Vcp,Usp5
Rad23b,Psme4
Rad23b,Psme1
Rad23b,Psme3
Rad23b,Stat1
Rad23b,Eef1a1
Rad23b,Eef2
Rad23b,Nploc4
Rad23b,Ufd1l
Rad23b,Nsfl1c
Rad23b,Ubxn1
Rad23b,Psmf1
Rad23b,Adrm1
Rad23b,Uchl5
Rad23b,Ube3a
Rad23b,Sqstm1
Rad23b,Ubr4
Rad23b,Herc1
Rad23b,Usp7
Rad23b,Actc1
Rad23b,Actb
Rad23b,Dctn2
Rad23b,Myl1
Rad23b,Tpm1
Rad23b,Tpm2
Rad23b,Tnnc2
Rad23b,Tnnt3
Rad23b,Vim
Rad23b,Gapdh
Rad23b,Aldoart2
Rad23b,Aldoc
Rad23b,Pkm
Rad23b,Tpi1
Rad23b,Ckm
Rad23b,Cat
Rad23b,Arg1
Rad23b,Tgm1
Rad23b,Tgm3
Rad23b,Fasn
Rad23b,Anxa1
Rad23b,Anxa2
Rad23b,Pof1b
Rad23b,Gbas
Rad23b,Gfap
Rad23b,RGD1560349
Rad23b,Thbs4
Rad23b,Prdx1
Rad23b,Prdx2
Rad23b,Ttll1
Rad23b,Nxf7
Rad23b,Mab21l2
Rad23b,Cycs
Mmp11,Stmn3
Mmp11,Stmn1
Ptk2,Bcar1
Grm7,Tuba1a
Calm1,Grm7
Psmd10,Rb1
Dact1,Csnk1d
Dact2,Csnk1d
Dact3,Csnk1d
Dact1,dco
Dact2,dco
Dact3,dco
Dact1,Prkaca
Dact2,Prkaca
Dact3,Prkaca
Dact1,Prkca
Dact2,Prkca
Dact3,Prkca
Dact1,Camk2b
Dact2,Camk2b
Dact1,GSK3A
Dact1,Dvl1
Dact2,Dvl1
Dact3,Dvl1
Dact1,Dvl2
Dact2,Dvl2
Dact3,Dvl2
Dact1,Dvl3
Dact2,Dvl3
Dact3,Dvl3
Dact1,dsh
Dact2,dsh
Dact3,dsh
Dact1,Vangl1
Dact2,Vangl1
Dact3,Vangl1
Dact1,Vangl2
Dact2,Vangl2
Dact3,Vangl2
Dact1,Vang
Dact2,Vang
Dact3,Vang
Dact2,Tgfb1
Dact2,Ctnnb1
Dact3,Ctnnb1
Dact2,Ctnnd1
Dact1,Ctnnd1
Dact2,p120ctn
Dact1,p120ctn
Dact3,p120ctn
Dact2,Lef1
Dact2,Hnf1a
Dact2,Tcf3
Dact2,Hdac1
Dact1,Hdac1
Dact2,HDAC1
Dact1,HDAC1
Dact1,DACT1
Dact3,DACT1
Dact1,DACT2
Dact2,DACT2
Dact1,DACT3
Dact2,DACT3
Dact3,DACT3
Bcar1,Fyn
Ret,Cd2ap
Psmd9,Ep300
Cbl,Pik3r1
Snap23,Hgs
Snap25,Hgs
Trak2,Hgs
Syk,CBL
Dhx36,Hdac4
Tnk2,Cdc42
Git1,Snx6
Git1,Eea1
Traf6,Ikbkb
Traf6,Prkcg
Traf6,Khdrbs1
Ublcp1,Rpn1
Ublcp1,Rpn2
Ublcp1,Psmd3
Ublcp1,Psmd12
Ublcp1,Psmd11
Ublcp1,Psmd14
Map3k3,Ywhab
Map3k3,Ywhae
Map3k3,Ywhag
Map3k3,Ywhaq
Map3k3,Ywhah
Map3k3,Ywhaz
Map3k3,Psme3
Psme3,Braf
Lyn,ENO1
Gab2,Ubb
MTUS1,Ptpn6
Ptpn6,Mbp
Smad7,Smurf2
Smad7,Tgfbr1
Smad7,Rnf111
Tgfbr1,Smurf2
Gria1,Ubc
Grin1,Ubc
Atg3,Atg12
Spp1,Map1a
Spp1,Map1b
UBE2I,Dnm1
SUMO1,Dnm1
PIAS1,Dnm1
Rnf4,UBE2D1
Rnf4,UBC
Btrc,Per2
Fbxw11,Per2
Socs2,Socs1
Socs2,Socs3
Socs2,Cish
HSPBP1,Hspa8
Gja1,Nedd4
Gja1,Tjp1
Gja1,Tjp2
Faf1,Trpv1
Creb3l2,Ubc
Creb3l1,Ubc
Syvn1,Creb3l2
Creb3l1,Syvn1
Nbr1,Ttn
Nbr1,Trim63
Nbr1,Trim55
Nbr1,Sqstm1
VHL,Tceb1
VHL,Tceb2
Plcb1,Cdc20
Plcb1,Ubc
Nae1,App
Igbp1,PPP2CA
Igbp1,PPP4C
Igbp1,UBR5
Gh1,Tf
Hgs,Ntrk2
Atxn3,Tuba1a
Mapk1,Scnn1b
Mapk1,Scnn1g
Nedd4,Scnn1g
Usp9x,Pex5
Scnn1b,Nedd4
Scnn1a,Nedd4
ATXN3,Tubb2b
ATXN3,Tuba1a
ATXN3,Tubb4b
ATXN3,Cntfr
Atxn3,Tubb2b
Atxn3,Tuba1a
Atxn3,Map2
Atxn3,Tubb4b
Atxn3,RT1-A2
Atxn3,Cntfr
Atxn3,Vcp
Atxn3,Actc1
Atxn3,Sacs
Cul3,Klhl17
Cul1,Klhl17
Grik2,Klhl17
Grik1,Klhl17
Klhl17,Ubc
Grik2,Ubc
Gapdh,Siah1
Pam,UBC
NEDD4,Scnn1g
NEDD4L,Scnn1g
Grm5,Siah1
Grm1,Siah1
Prkaa2,NEDD4L
Prkaa2,CFTR
Stxbp5,Sumo2
Stxbp5,Sumo3
Prps1,Xiap
Awp1,Pex6
Pex26,Pex1
Pex26,Pex6
Awp1,Ubc
Awp1,Pex5
Ubc,Pex5
Dlg4,PDZRN3
Skil,Rnf111
Skil,Smurf2
Ski,Rnf111
Ski,Smurf2
HSP90AA1,Ppara
Tp53,Sumo1
TRAF6,Arrb1
TRAF6,Arrb2
Cnr1,Sumo1
March2,Stx6
Lin7a,March2
Prkd1,unc-18
Prkca,Hist1h1a
Prkcb,Hist1h1a
Prkcd,Hist1h1a
Prkce,Hist1h1a
Esr2,Dnmt1
Esr2,Pcna
Pcna,Dnmt1
Arhgef7,PAK2
Ptpn11,Insr
Ptpn11,Bcar1
SCARB2,Ap1g1
Rbck1,Pml
Rbck1,Crebbp
Mapk1,Mbp
Shc1,Egfr
Tollip,Ube2i
Tollip,Daxx
Tollip,Tom1
Tollip,Pias2
Tollip,Sumo1
Tollip,Bex1
Tollip,Gnb2l1
Tollip,Ubc
Tollip,Ing1
Tollip,LOC691974
Tollip,Rps27
Tollip,Il1rap
Tollip,Il1r1
Otub1,Dcn
ELSPBP1,Id3
ELSPBP1,Id1
ELSPBP1,Ube2i
TCF3,Ube2i
Cdkn1b,Tsc2
Esr1,Psmc5
Esr1,Ncoa3
Esr1,Uba3
Crk,Bcar1
Vcp,Ufd1l
Vcp,Nsfl1c
Vcp,Canx
Vcp,B2m
B2m,Ubc
Vhl,TCEB2
Vhl,TCEB1
Cav3,Kcnh2
Rnf6,Limk1
Vhl,CDKN2A
Vhl,EXOSC8
Zfand6,Pkn1
PDZK1,Klhl17
PDZK1,Syngap1
PDZK1,Dlg4
Grin2a,Dlg4
Grin2b,Dlg4
Grin2a,Dlg1
Grin2b,Dlg1
Glrb,Dync1i1
Gphn,Dync1i1
Glrb,Dync1h1
Gphn,Dync1h1
Nrgn,LOC687506
Nrgn,Calm1
Gnb1,Cacna1a
PEX7,Pex7
Htr6,Cops5
KCND3,Kcnip1
KCND3,Kcnip2
KCND3,Rapgef5
KCND3,Rapgef3
KCND3,Rapgef4
Zfpl1,Golga2
Kcnc1,Dlg1
Was,Arpc1a
Was,Exoc7
Was,Exoc4
Was,Arpc5
Exoc7,Arpc1a
Mpdz,Cspg4
Tap1,HLA-A
Tap2,HLA-A
Tap1,HLA-B
Tap1,CALR
Tap1,PDIA3
Nos1,NOSIP
KCNA5,Rab11a
NME2,Gnb1
Gne,ZBTB16
Gne,CRMP1
Gne,KIAA1549
Gne,Crmp1
Tp53,Ccng1
Mdm2,Ccng1
Crkl,Pxn
Mapk8,Crkl
Mapk8,Jun
Mad2l1,MAD1L1
Mad2l1,MAD2L1BP
Mad2l1,CDC20
Mad2l1,MAD2L1
Mad2l1,BUB3
Gnao1,ZBTB16
Gnao1,Zbtb16
INSR,Socs1
INSR,Socs6
INSR,Irs1
Rhoa,Ttc3
Ttc3,Cit
Cacnb3,PAX6
Mep1b,Os9
Mep1b,Os9
Irs1,Phip
Rapsn,CHRNA9
MARK1,Map2
Kcna5,Dctn2
Kcna5,Dync1i1
AP2A1,Epn1
itsn1,Dnm1
itsn1,Synj1
Ap2a1,Snap91
Ap2a1,Necap1
Ap2a1,Amph
Ap2a1,Epn1
Ap2a1,Eps15
Ap2b1,Snap91
Ap2b1,Arrb2
Ap2b1,Amph
Ap2b1,Epn1
Ap2b1,Eps15
Ap2b1,Itsn1
Ap2b1,Itsn2
Ap2b1,Rangap1
Ap2b1,Synrg
Ap2b1,Scyl1
Ap2b1,Hspa8
Ap2b1,Krt1
Ap2b1,Mybl2
Ap2b1,Epn2
Ap2b1,Tollip
Ap2b1,Arfgap1
Ap2b1,Tom1
Ap2b1,Cltc
Ap2b1,Dnm1
Ap2a1,Itsn1
Ap2a1,Scyl1
Ap2a1,Hspa8
Ap2a1,Dnm1
Ap2a1,Dnm2
Ap2a1,Dnm3
Ap2a1,Sec23ip
Tgoln2,Ppp1r9a
Tor1a,Klhl14
Dlgap2,Map1a
RBSN,Vps45
Bag1,Hspa8
Bag1,Raf1
Clta,Vcp
Nf1,Vcp
CRYAB,Ubc
BAG3,Cryab
BAG3,Hspa8
Gabarap,Cltc
Nutf2,RAN
HSP90AA1,Tgfbr2
TGFBR2,Hsp90aa1
TGFBR2,Ubc
Fbxl22,Skp1
Fbxl22,Actn2
Sod1,P4hb
Gabarap,Calr
Hspb1,Cryab
Hspb1,Ubc
Hspb1,Hspbap1
Ndn,Tnpo1
Crk,Pxn
Crk,Cbl
Crk,Gab1
Lmnb1,Plec
Prkca,Lmnb1
Prkca,Plec
Adora2a,Calm1
Drd2,Calm1
Drd2,Adora2a
Prkcg,Stxbp1
Prkca,Stxbp1
Prkcb,Stxbp1
Dlg1,Myo6
Dlg1,Gria1
Gria1,Myo6
Smad3,Akt1
Pak3,Myo6
Sorbs1,Dnm1
Sorbs1,Dnm2
Sorbs1,Cbl
Sorbs1,Ptk2
Sorbs1,Vcl
Tubb5,HDAC6
Tuba1a,HDAC6
Vcp,Smad1
Park2,Slc6a3
Snca,Slc6a3
Pld2,SNCA
Rnf4,Hist3h2a
Rnf4,Hist1h2bl
Rnf4,Hist3h3
Rnf4,Hist1h4b
Cav1,Strn
Cav1,Strn3
Cav1,Strn4
Ap2a2,Snap91
Ap2a2,Amph
Ap2a2,Epn1
Ap2a2,Eps15
Ap2a2,Dnm1
Ap2a2,Bin1
Map3k5,Dyrk1a
Snca,Ppp2ca
Snca,Slc17a7
Prkca,Pebp1
Prkcb,Pebp1
Prkcg,Pebp1
Prkcz,Pebp1
Raf1,Pebp1
Snca,Park7
Snca,Hspa9
Snca,Hsp90b1
Snca,Canx
Snca,Cltc
Snca,Ncl
Park7,Hspa9
Park7,Hsp90b1
Park7,Canx
Park7,Cltc
Park7,Ncl
Lyn,SNCA
Fgr,SNCA
Syk,SNCA
Csnk2b,SNCA
Csnk1g3,SNCA
Mapt,Klc1
Snca,Klc1
Snca,Dynll1
Klc2,Mapt
Klc1,MAPT
Klc2,MAPT
Snca,Mcts1
Snca,Pdap1
Snca,Nudt21
Snca,Rps11
Snca,Oscp1
Snca,Rps14
Snca,Rps3
Snca,Hspd1
Snca,Rpl17
Snca,Acta1
Snca,Actc1
Snca,Actr2
Snca,Abcd2
Snca,Aldoc
Snca,Atp5a1
Snca,Acly
Snca,Basp1
Snca,Calm1
Snca,Calr
Snca,Sept7
Snca,Cct3
Snca,Cct4
Snca,Dync1h1
Snca,Eef1a1
Snca,Srsf2
Snca,Hmgb1
Snca,Rps23
Snca,Hnrnpa3
Snca,Rps2
Snca,Hist1h1b
Snca,Rps7
Snca,Rps8
Snca,Rpl11
Snca,Rps6
Snca,Dnaja1
Snca,Rps18
Snca,Map1lc3b
Snca,Hspa8
Snca,Ppib
Snca,Rpl21
Snca,Rpl19
Snca,Rpl30
Snca,Eif2s1
Snca,Eif5a
Snca,Gsk3b
Snca,Gnb1
Snca,Hist1h1d
Snca,Hsp90ab1
Snca,Hsp90aa1
Snca,Hspa4
Snca,Hnrnph1
Snca,Actr3
Snca,Dync1li1
Snca,Rtcb
Snca,Kpnb1
Park7,Ywhaz
Park7,Pdap1
Park7,Nudt21
Park7,Ywhag
Park7,Oscp1
Park7,Rps3
Park7,Fau
Park7,Hspd1
Park7,Rpl24
Park7,Rpl26
Park7,Rpl4
Park7,Acta1
Park7,Actc1
Park7,Atp5b
Park7,Acly
Park7,Copb2
Park7,Basp1
Park7,Calr
Park7,Cat
Park7,Sept7
Park7,Cct3
Park7,Cct4
Park7,Cfl1
Park7,Mdh1
Park7,Dpysl2
Park7,Edf1
Park7,Eef1a1
Park7,Eef2
Park7,Hmgb1
Park7,Rpl27
Park7,Myl6l
Park7,Rps10
Park7,Rps20
Park7,Rps25
Park7,Rps6
Park7,Rpl23a
Park7,Rpl32
Park7,Rpl8
Park7,Manf
Park7,Cycs
Park7,Eif2s3x
Park7,Etf1
Park7,Gtf2f1
Park7,Gars
Park7,Lrrc59
Park7,Map1b
Park7,Phb
Park7,Arhgdia
Park7,Rpl23
Park7,Rps5
Park7,Ccdc130
Park7,Rpl17
Park7,Sept11
Park7,Yars
Park7,Uqcrh
Park7,Hnrnpk
Park7,Tcea1
Park7,Tpm3
Park7,Npm1
Park7,Hnrnpa1
Park7,Clta
Park7,Suclg1
Park7,Sod1
Park7,Tpi1
Park7,Tuba1a
Park7,Tuba1b
Park7,Tubb5
Park7,Vcp
Park7,Sept2
Fzr1,Cdc27
Prkaa2,PFKFB1
Sstr1,PRMT5
Nfkbia,Gja1
Sh3gl2,Synj1
Sh3gl2,Dnm1
Cdk5,Synj1
Cdk5,Dnm1
Ppp3ca,Synj1
Ppp3ca,Dnm1
Syp,Sncaip
Csnk2a1,Grin2b
Sox10,Pax6
Sox10,Meox1
Sox10,Hivep1
Sox10,Dlx5
Sox10,Hhex
Sox10,Alx4
Sox10,Hoxa3
Sox10,Pou3f3
Sox10,Utf1
Sox10,Tcf12
Sox10,Olig2
Sox10,Jun
Sox10,Cebpa
Sox10,Egr2
Sox10,Sp1
Sox10,Pax3
OGT,Nup62
OGT,Nfatc1
Jak2,Stat1
Jak2,Stat5a
Irs1,Pik3cg
HCVgp1,Tp53
HCVgp1,Tbp
Wasl,Hsp90aa1
Sh2b1,Jak2
Rac1,Tnfrsf12a
Tsc2,Esr1
Prkcb,Gap43
Prkce,Gap43
Prkcd,Gap43
Prkcz,Prkcz
Egln3,Wdr83
Usp2,Gja1
Usp48,Gja1
F2rl1,Cryaa
F2rl1,Cryab
Kctd10,Pcna
Kctd10,Pold2
Raf1,Rfxank
Cbl,Map3k11
Stub1,Crem
Stub1,Mapk7
Mapk7,Rps6ka1
Rgs19,Gipc1
Prkcg,CD5
Prkca,CD5
Prkcb,CD5
Tbp,Cand2
ARHGAP9,Mapk1
Pabpc1,Tob2
L1cam,Tob2
Cyp3a62,Vcp
Usp2,Ubc
Tg,Hyou1
Tg,Hsp90b1
Tg,Hspa5
Tg,Pdia4
Hspa5,Hyou1
Hspa5,Hsp90b1
Hspa5,Pdia4
Pdia4,Hyou1
Pdia4,Hsp90b1
Hspa5,Thbs1
Pdia4,Thbs1
Hyou1,Thbs1
Hsp90b1,Thbs1
Epn1,Cltc
Epn1,Clta
Amph,Cltc
Amph,Clta
Amph,Fabp4
Amph,Epn1
Bin1,Cltc
Bin1,Clta
Bin1,Fabp4
Bin1,Ap2a1
Bin1,Ap2b1
Prkcg,Gabrb1
Prkcg,Gabrg2
Nlgn1,Dlg4
Nlgn1,Dlg3
Nlgn1,Dlg2
Nlgn1,Magi1
Nlgn1,Magi2
Nlgn1,Magi3
Nlgn1,Shank1
Nlgn1,Shank3
Nlgn1,Pick1
Nlgn1,Gopc
Nlgn1,Sipa1l1
Nlgn1,Pdzrn3
Nlgn2,Dlg4
Nlgn2,Dlg3
Nlgn2,Dlg2
Nlgn2,Magi1
Nlgn2,Magi2
Nlgn2,Magi3
Nlgn2,Shank1
Nlgn2,Shank3
Nlgn2,Pick1
Nlgn2,Gopc
Nlgn2,Sipa1l1
Nlgn2,Pdzrn3
Sdk2,Dlg4
Sdk2,Dlg3
Sdk2,Dlg2
Sdk2,Magi1
Sdk2,Magi2
Sdk2,Magi3
Sdk2,Gopc
Sdk2,Sipa1l1
Sdk2,Shank2
Sdk2,Scrib
Efnb2,Dlg4
Efnb2,Pick1
Efnb2,Sipa1l1
Efnb2,Pdzrn3
Efnb2,Grip1
Efnb2,Sdcbp
Sdc2,Grip1
Sdc2,Sdcbp
Igsf4,Grip1
Igsf4,Sdcbp
Gria2,Gipc1
Gria2,Grip1
Gria2,Rgs3
Gria2,Sdcbp
Gria2,Pick1
Grik1,Pick1
Grik1,Sdcbp
Grik2,Pick1
Mafk,Nfe2l2
Nfe2l2,Chd6
Daxx,Ar
Camk2d,Grin2b
Camk2d,Grin2a
Jak2,Irs1
Jak2,Irs2
Grb2,Irs1
Grb2,Irs2
Irs2,Pik3r1
Dpysl2,Tuba1a
Dpysl2,Tubb3
Nfasc,Ank2
Prkca,Gja1
Prkcb,Gja1
Prkcg,Gja1
Sptan1,Epb4.1
Sptbn1,Epb4.1
Sptan1,Actn1
Sptbn1,Actn1
Sptan1,Epb41l2
Sptbn1,Epb41l2
Tardbp,Ubc
Park2,Tardbp
Nfya,Sp1
Nfyc,Sp1
Pou1f1,Ncor1
Snap25,Stx1b
Snap23,Stx1b
Stx1a,Hgs
Syp,Hgs
Syp,Snap25
Pawr,Tfpt
Cdkn1a,Cebpa
Rb1,Dgkz
Rbl1,Dgkz
Rbl2,Dgkz
Arrb1,Gnrhr
Arrb1,Trhr
Trhr,ARRB1
Trhr,ARRB2
Mlnr,ARRB1
Mlnr,ARRB2
Trhr,Mlnr
Prnp,Maged1
Cdk2,Hist1h1t
POLR2A,Cstf1
Nr3c1,Hsp90aa1
Nr3c1,Hspa4
Rala,Ralbp1
Rala,Ybx3
Rala,CSDA
Pde4d,LYN
Pde4d,SRC
Pde4d,FYN
Bin1,Amph
GRIA2,Grip1
Fras1,Grip1
Dab2,Ap2a1
Dab2,Ap2b1
Dab2,Cltc
Dab2,Clta
Dab2,Ap2m1
Dab2,Ap2a2
Epn1,Ap2m1
Epn1,Ap2a2
Cbl,Grb2
Cbl,Shc1
Ntrk1,Gipc1
Ntrk2,Myo6
Grin1,Grin2a
Grin1,Grin2c
Scn2a,Calm1
Scn3a,Calm1
Scn4a,Calm1
Scn8a,Calm1
Hr,VDR
KLHL1,Gsk3b
Acta2,KLHL1
KLHL1,Csk
Gsk3b,Csk
Macf1,Apc
Macf1,Axin1
Macf1,Ctnnb1
Macf1,Gsk3b
Apc,Axin1
ELF3,Jun
Grpel1,dnaK
Grpel2,Hspa9
Grpel1,Hspa9
SPTAN1,Tes
Agtr1a,GNAQ
Agtr1a,ARRB1
Map2k2,Rgs12
Rgs12,Araf
Rgs12,Braf
Rgs12,Hras
Rgs12,Nras
Ntrk1,Braf
Ntrk1,Map2k2
Ntrk1,Hras
Ntrk1,Rgs12
Rgs12,Dlgap3
Mob4,Nme2
Mob4,Eps15
Mob4,Fth1
Nme2,Eps15
Nme2,Dnm1
Necap1,Amph
Necap1,Bin1
Ap2a2,Necap1
Ap2a2,Bin1
Ap2a2,Snap91
Ap2a2,Eps15
Ap2a2,Synj1
Ap2a2,Dennd1a
Necap1,Snap91
Necap1,Eps15
Necap1,Dennd1a
Necap1,Synj1
Necap2,Amph
Necap2,Bin1
Necap2,Eps15
Necap2,Dennd1a
Necap2,Synj1
Ppm1f,FEM1B
Fcho2,Itsn1
Fcho2,Itsn2
Fcho2,Synj1
Fcho2,Dnm1
Fcho2,Rin3
Fcho2,Tfap2a
Fcho2,Tfap2b
Fcho2,Uba1
Fcho2,Dab2
Caskin1,Abi2
Caskin1,ABI2
Caskin1,CASK
Caskin1,EPHA2
Caskin1,L1CAM
Caskin1,MYO1B
Caskin1,NCK1
Caskin1,NRXN2
Caskin1,STMN3
Caskin1,SYT1
Caskin1,SEPT4
Caskin1,SIAH1
Grasp,FRY
Grasp,CEP170
Grasp,PRKCSH
Grasp,ZHX1
Grasp,BCR
Grasp,FCHSD2
Grasp,ZBTB5
Grasp,CEP83
Grasp,Dlgap3
Grasp,Cyth2
Grasp,Aff2
Magi2,Grasp
Dlg4,Grasp
Apba2,Grasp
Cdc20,Ywhae
Cdc20,Tubg1
Ngfr,Ngfrap1
Tsc1,Ngfrap1
Foxo4,Ogt
Prkcg,Grin2b
Prkca,Grin2b
Prkcb,Grin2b
Tmed9,Stx5
Tmed9,Lman1
Tmed9,Tmed1
Tmed9,Tmed2
Tmed9,Tmed10
Stx1a,Kcnb1
Pxmp2,PEX19
Sptan1,Grin2b
Was,Gja1
Cish,Ghr
CYB5A,Cyp1a2
Homer1,Grm5
Homer1,Grm1
Homer2,Grm1
Homer3,Grm1
HOMER3,Homer1
Homer1,Homer1
Homer2,Homer1
Kcnd2,Kcnip2
Trim2,Myo5a
Kctd13,Pcna
Tnfaip1,Pcna
Cyth2,Arf6
CFTR,Slc9a3r1
CFTR,Tmem33
CFTR,Ubc
CFTR,Grip1
CFTR,Fat2
CFTR,Cfl1
CFTR,Dnaja1
CFTR,Hspa2
CFTR,Fat1
CFTR,Gna11
CFTR,Pld2
CFTR,Wfs1
CFTR,Grik5
CFTR,Esyt1
CFTR,Dync1h1
Vcp,Ube4a
Vcp,Nploc4
Nploc4,Ufd1l
Nsfl1c,Nploc4
Tanc1,Dlg1
Tanc1,Dlg4
Tanc1,Homer1
Tanc1,Sptan1
Tanc1,Dlgap1
Tanc1,Camk2a
Tanc1,Grin2b
Tanc1,Gria1
Tanc1,Ina
Ubc,Ywhab
Ubc,Ywhae
Ubc,Ywhah
Ubc,Ywhag
Ubc,Ywhaq
Ubc,Ywhaz
Ubc,Cnp
Ubc,Pde12
Ubc,Psmd1
Ubc,Hmgcr
Ubc,Rps10
Ubc,Rps2
Ubc,Rps20
Ubc,Rps21
Ubc,Rps27a
Ubc,Rps3
Ubc,Rps8
Ubc,Rpsa
Ubc,Slc3a2
Ubc,Htr2a
Ubc,Rpl13a
Ubc,Rpl18
Ubc,Rpl19
Ubc,Rpl23a
Ubc,Rpl24
Ubc,Rpl27
Ubc,Rpl27a
Ubc,Rpl3
Ubc,Rpl30
Ubc,Rpl4
Ubc,Rpl6
Ubc,Rpl9
Ubc,Pfkp
Ubc,Pfkl
Ubc,Abhd17a
Ubc,Acp6
Ubc,Anp32e
Ubc,Actb
Ubc,Actr2
Ubc,Arpc1a
Ubc,Acvr1
Ubc,Scd1
Ubc,Dbi
Ubc,Acyp1
Ubc,Necap1
Ubc,Appl2
Ubc,Ahcy
Ubc,Adcy9
Ubc,Adcy2
Ubc,Adcy3
Ubc,Adcy5
Ubc,Adcy7
Ubc,Cap2
Ubc,Arfgef1
Ubc,Arl2
Ubc,Arl8b
Ubc,Aarsd1
Ubc,Aldh3b1
Ubc,Actn1
Ubc,Eno1
Ubc,Ina
Ubc,Maoa
Ubc,Aes
Ubc,Amph
Ubc,Aup1
Ubc,Slc4a2
Ubc,Slc4a3
Ubc,Anks1b
Ubc,Ankrd13a
Ubc,Ankrd46
Ubc,Anxa5
Ubc,Anxa6
Ubc,Ap2a2
Ubc,Ap2b1
Ubc,Ap2m1
Ubc,Apoe
Ubc,App
Ubc,Aqp4
Ubc,Arc
Ubc,Rars
Ubc,Armcx3
Ubc,Actr1b
Ubc,Arvcf
Ubc,Got1
Ubc,Astn1
Ubc,Atxn10
Ubc,Atp6v1g1
Ubc,Abca2
Ubc,Abcd3
Ubc,Abcg1
Ubc,Kcnj10
Ubc,Bsn
Ubc,Bcap31
Ubc,Gne
Ubc,Ubl7
Ubc,Bmpr1a
Ubc,Basp1
Ubc,Begain
Ubc,Bai3
Ubc,Bcat1
Ubc,Cdh2
Ubc,Ppp3r1
Ubc,Pnck
Ubc,Kcnma1
Ubc,Atp2c1
Ubc,Calm1
Ubc,Camkv
Ubc,Camk2a
Ubc,Camk2d
Ubc,Camk2g
Ubc,Prkaca
Ubc,Prkar2b
Ubc,Caprin1
Ubc,Csnk1a1
Ubc,Csnk1g1
Ubc,Ctnnbip1
Ubc,Cav1
Ubc,Cnrip1
Ubc,Cadm2
Ubc,Cadm3
Ubc,Tmem30a
Ubc,Cend1
Ubc,Cdc42
Ubc,Mcam
Ubc,Cct8
Ubc,Clic4
Ubc,Clic5
Ubc,Chkb
Ubc,Pcyt1b
Ubc,Cspg5
Ubc,Kit
Ubc,Snap91
Ubc,Cltc
Ubc,Clta
Ubc,Cldnd1
Ubc,Cldn11
Ubc,Clasp2
Ubc,Cmip
Ubc,Copb2
Ubc,Cfl1
Ubc,Ccdc50
Ubc,Ccdc82
Ubc,Ccdc93
Ubc,Cnksr2
Ubc,Cops2
Ubc,Cops3
Ubc,Cbfa2t3
Ubc,Ckb
Ubc,Ckmt1b
Ubc,Cry2
Ubc,Ctbp2
Ubc,Celf2
Ubc,Cul1
Ubc,Cul3
Ubc,Cul5
Ubc,Cxcl2
Ubc,Cdk5
Ubc,Chic2
Ubc,Aco1
Ubc,Dync1h1
Ubc,Dync1i1
Ubc,Dync2h1
Ubc,Phgdh
Ubc,Dlgap1
Ubc,Dlgap2
Ubc,Dcun1d1
Ubc,Ddi1
Ubc,Dhrs7b
Ubc,Alad
Ubc,Lrrc7
Ubc,Crmp1
Ubc,Dpysl2
Ubc,Dpysl3
Ubc,Dpysl4
Ubc,Dpysl5
Ubc,Dlg2
Ubc,Ddb1
Ubc,Dnaja2
Ubc,Dnajb4
Ubc,Dnajc5
Ubc,Dstyk
Ubc,Map2k2
Ubc,Dusp15
Ubc,Dctn1
Ubc,Dctn2
Ubc,Dnm1
Ubc,Dnm1l
Ubc,Dynll1
Ubc,Dynlrb1
Ubc,Anapc4
Ubc,Herc2
Ubc,Itch
Ubc,Mib1
Ubc,Trim2
Ubc,Trim32
Ubc,Mgrn1
Ubc,Trim23
Ubc,Ubr4
Ubc,Efhd2
Ubc,Ehd4
Ubc,Elavl2
Ubc,Elavl4
Ubc,Eef1a1
Ubc,Eef1a2
Ubc,Eef2
Ubc,Elovl2
Ubc,Gpr37l1
Ubc,Ngef
Ubc,Eif4a2
Ubc,Eif3a
Ubc,Slc1a3
Ubc,Slc1a2
Ubc,Exd2
Ubc,Exoc6b
Ubc,Exosc8
Ubc,Esyt1
Ubc,Ezr
Ubc,Capza1
Ubc,Capzb
Ubc,Fam49b
Ubc,Fam49a
Ubc,Faim2
Ubc,Faf1
Ubc,Fscn1
Ubc,Fasn
Ubc,Fhdc1
Ubc,Cx3cl1
Ubc,Aldoa
Ubc,Aldoc
Ubc,Fxyd6
Ubc,Gspt1
Ubc,Gabra1
Ubc,Gabra2
Ubc,Gabbr2
Ubc,Gabbr1
Ubc,Ggt7
Ubc,Gdap1
Ubc,Gjb1
Ubc,Gjc2
Ubc,Gjb6
Ubc,Gjc3
Ubc,Gsn
Ubc,Gcm2
Ubc,Gfap
Ubc,Gnpda2
Ubc,Gpi
Ubc,Gria3
Ubc,Gria2
Ubc,Glul
Ubc,Nadsyn1
Ubc,Gapdh
Ubc,Gk
Ubc,Gpd1
Ubc,Pygb
Ubc,Gltp
Ubc,Gpm6a
Ubc,Golga7
Ubc,Gprc5b
Ubc,Gpr56
Ubc,Gripap1
Ubc,Grb2
Ubc,Ran
Ubc,Gda
Ubc,Gnai1
Ubc,Gng7
Ubc,Gnao1
Ubc,Gnaq
Ubc,Gnas
Ubc,Gnaz
Ubc,Gnb2l1
Ubc,Gnb5
Ubc,Hdac11
Ubc,Hspa4
Ubc,Hspa12a
Ubc,Hspa4l
Ubc,Hsph1
Ubc,Hsp90ab1
Ubc,Hebp1
Ubc,Hba1
Ubc,Hbb
Ubc,Hgs
Ubc,Hnrnpc
Ubc,Hnrnpk
Ubc,Hnrnpa2b1
Ubc,Hk1
Ubc,Hmgb1
Ubc,Hpcal1
Ubc,Hist1h1t
Ubc,H2afy2
Ubc,Hist2h2aa3
Ubc,LOC680063
Ubc,H2afz
Ubc,Hist2h2be
Ubc,H3f3b
Ubc,Homer1
Ubc,Hspa8
Ubc,Hip1
Ubc,Ikbip
Ubc,Insr
Ubc,Ide
Ubc,Itm2a
Ubc,Itm2b
Ubc,Itm2c
Ubc,Itgb2
Ubc,Ilf2
Ubc,Ilf3
Ubc,Il1rap
Ubc,Kcnj16
Ubc,Slc11a2
Ubc,Cd47
Ubc,Mbp
Ubc,Tpm3
Ubc,Bcas1
Ubc,Slc4a4
Ubc,Nr3c2
Ubc,Mag
Ubc,Atp2b4
Ubc,Atp2b3
Ubc,Jam3
Ubc,Jph4
Ubc,Kif5c
Ubc,Lmnb1
Ubc,Lancl2
Ubc,Cyp51
Ubc,Lss
Ubc,Bag6
Ubc,Lphn1
Ubc,Lingo1
Ubc,Lrrn1
Ubc,Lrrc57
Ubc,Lrrc8e
Ubc,Lppr4
Ubc,Ppap2b
Ubc,Cdip1
Ubc,Ldha
Ubc,Ldhb
Ubc,Dnajb2
Ubc,Acsbg1
Ubc,Laptm4a
Ubc,Mdh1
Ubc,Gmppa
Ubc,Madd
Ubc,Map1b
Ubc,Matr3
Ubc,Mlc1
Ubc,Magi2
Ubc,Mfap3
Ubc,Map1a
Ubc,Map2
Ubc,Map6
Ubc,Mapre2
Ubc,Mapre3
Ubc,Mapt
Ubc,Fis1
Ubc,Timm8b
Ubc,Tomm40l
Ubc,Tomm70a
Ubc,Mtfp1
Ubc,Rhot2
Ubc,Mapk9
Ubc,Map3k14
Ubc,Msn
Ubc,Slc16a1
Ubc,Chrm1
Ubc,Bin1
Ubc,Plp1
Ubc,Mobp
Ubc,Myl1
Ubc,Myl6l
Ubc,Mprip
Ubc,Myo1d
Ubc,Ddah2
Ubc,Slc9a3r1
Ubc,Sirt2
Ubc,Me1
Ubc,Por
Ubc,Nbr1
Ubc,Nckap1
Ubc,Ndfip1
Ubc,Nedd8
Ubc,Uba3
Ubc,Ncam1
Ubc,Nrxn2
Ubc,Ncald
Ubc,Ncdn
Ubc,Nefl
Ubc,Nefm
Ubc,Nrgn
Ubc,Nlgn2
Ubc,Gap43
Ubc,Sept3
Ubc,Nsg1
Ubc,Caly
Ubc,Grin2b
Ubc,Nsf
Ubc,Nup155
Ubc,Nutf2
Ubc,Nme1
Ubc,Nme2
Ubc,Nap1l1
Ubc,Nap1l5
Ubc,Olr1644
Ubc,Optn
Ubc,P2ry12
Ubc,Palm
Ubc,Ngly1
Ubc,Pam
Ubc,Ppia
Ubc,Fkbp1a
Ubc,Cask
Ubc,Ppl
Ubc,Prdx1
Ubc,Phlpp1
Ubc,Pitpna
Ubc,Pgk1
Ubc,Pgam1
Ubc,Phkg1
Ubc,Psat1
Ubc,Phyhip
Ubc,Atp2b1
Ubc,Atp2b2
Ubc,Pllp
Ubc,Pafah1b1
Ubc,Pabpc1
Ubc,Ptrf
Ubc,Kcna1
Ubc,Kcna2
Ubc,Kcna4
Ubc,Kcna6
Ubc,Kcnc2
Ubc,Kcnh7
Ubc,Hcn1
Ubc,Hcn2
Ubc,Arl6ip5
Ubc,Lmna
Ubc,Pdcd6ip
Ubc,Prepl
Ubc,Ptges3
Ubc,Psma1
Ubc,Psma2
Ubc,Psma6
Ubc,Psmc2
Ubc,Psmc1
Ubc,Psmc4
Ubc,Psmc3
Ubc,Psmb5
Ubc,Adrm1
Ubc,Psmd7
Ubc,Psmd13
Ubc,Abca3
Ubc,Prmt5
Ubc,Birc6
Ubc,Efr3a
Ubc,Epb41l2
Ubc,Epb41l3
Ubc,Pacsin1
Ubc,Prkcb
Ubc,Prkcg
Ubc,Lin7a
Ubc,Ndrg2
Ubc,Ppp2r1a
Ubc,Qk
Ubc,Rufy3
Ubc,Aifm3
Ubc,Slc12a2
Ubc,Prr7
Ubc,Selplg
Ubc,Tmem151a
Ubc,Map6d1
Ubc,Pygo2
Ubc,Pkm
Ubc,Gdi1
Ubc,Gdi2
Ubc,Rabep1
Ubc,Rabep2
Ubc,Rad23a
Ubc,Lamtor1
Ubc,Syngap1
Ubc,Rhog
Ubc,Rac1
Ubc,Rab14
Ubc,Rab1b
Ubc,Rab3c
Ubc,Rab6a
Ubc,Rab8b
Ubc,Rala
Ubc,Ralb
Ubc,Rasgrf1
Ubc,Copa
Ubc,RGD1561590
Ubc,Tusc2
Ubc,Tmem127
Ubc,Gstm3
Ubc,Zim1
Ubc,Rab5c
Ubc,Gng13
Ubc,Cbx1
Ubc,Sec23ip
Ubc,LOC680955
Ubc,Napg
Ubc,Gng3
Ubc,Gpm6b
Ubc,Tmem59
Ubc,Gars
Ubc,Atp6v1a
Ubc,Sema5a
Ubc,LOC100360426
Ubc,Dctn3
Ubc,Cct7
Ubc,Brk1
Ubc,Psmc6
Ubc,LOC100360342
Ubc,Erbb3
Ubc,Ptprc
Ubc,Reln
Ubc,Rcbtb1
Ubc,Rgs7
Ubc,Rcor3
Ubc,Rtn4ip1
Ubc,Cul4a
Ubc,Arhgdia
Ubc,Arhgap26
Ubc,Rhob
Ubc,Prps1
Ubc,Rimbp2
Ubc,rnf141
Ubc,Sccpdh
Ubc,Dlg3
Ubc,Dlg1
Ubc,Sec14l2
Ubc,Scamp1
Ubc,Scamp5
Ubc,Gp1bb
Ubc,Sept11
Ubc,Sept7
Ubc,Sept8
Ubc,Sept9
Ubc,Pak2
Ubc,Ppp2cb
Ubc,Ppp3ca
Ubc,Ppp1ca
Ubc,Srp68
Ubc,Srp9
Ubc,Ccsap
Ubc,Fam81a
Ubc,Arl8a
Ubc,Coro1c
Ubc,Eps15l1
Ubc,Pnmal2
Ubc,Fam115a
Ubc,Reep2
Ubc,Rgs20
Ubc,RGD1307235
Ubc,G3bp2
Ubc,Zfp280d
Ubc,Trappc5
Ubc,Prss56
Ubc,Sgta
Ubc,Sgtb
Ubc,Snap25
Ubc,Slc6a1
Ubc,Slc6a11
Ubc,Slc6a9
Ubc,Scn1a
Ubc,Scn2a
Ubc,Scn3a
Ubc,Scn8a
Ubc,Scn2b
Ubc,Scn3b
Ubc,Slc8a1
Ubc,Slc8a2
Ubc,Slc24a2
Ubc,Atp1a1
Ubc,Atp1a2
Ubc,Atp1a3
Ubc,Atp1b1
Ubc,Slc38a3
Ubc,Slc6a17
Ubc,Slc20a1
Ubc,Slc20a2
Ubc,Slc12a5
Ubc,Slc13a3
Ubc,Slc2a3
Ubc,Slc22a23
Ubc,Slco1c1
Ubc,Snx3
Ubc,Tut1
Ubc,Sptan1
Ubc,Sptbn1
Ubc,Skp1
Ubc,Smpd3
Ubc,Srcin1
Ubc,Stam
Ubc,Stmn3
Ubc,Sarm1
Ubc,Stk11ip
Ubc,Stip1
Ubc,Syn1
Ubc,Syn2
Ubc,Sv2a
Ubc,Sv2b
Ubc,Syngr1
Ubc,Synj1
Ubc,Synj2bp
Ubc,Synpo
Ubc,Syt1
Ubc,Syt11
Ubc,Syt13
Ubc,Syt2
Ubc,Syt3
Ubc,Syt5
Ubc,Sdc4
Ubc,Stx1a
Ubc,Stx1b
Ubc,Stx6
Ubc,Stx7
Ubc,Stx8
Ubc,Stxbp1
Ubc,Snca
Ubc,Sncb
Ubc,Tcerg1
Ubc,Tcp1
Ubc,Cct3
Ubc,Tekt2
Ubc,Ttc9c
Ubc,Txn1
Ubc,Txnip
Ubc,Txnl1
Ubc,Traf3
Ubc,Trappc3
Ubc,Tecr
Ubc,Taldo1
Ubc,Tceal1
Ubc,Taf6
Ubc,Trim28
Ubc,Tfrc
Ubc,Tkt
Ubc,Tmub1
Ubc,Tmem106b
Ubc,Tmem176b
Ubc,Tmem59l
Ubc,Tpi1
Ubc,Tpp2
Ubc,Rtcb
Ubc,Tmod2
Ubc,Tpm1
Ubc,Wars
Ubc,Tsc22d1
Ubc,Tuba4a
Ubc,Tubb2a
Ubc,Tubb4b
Ubc,Tubb5
Ubc,Tppp3
Ubc,Tuba1a
Ubc,Tbcc
Ubc,Ttyh3
Ubc,Nme8
Ubc,Fgr
Ubc,Mertk
Ubc,Sirpa
Ubc,Ubqln1
Ubc,Ubqln2
Ubc,Usp13
Ubc,Usp4
Ubc,Uchl1
Ubc,Usp14
Ubc,Usp24
Ubc,Usp25
Ubc,Usp34
Ubc,Usp5
Ubc,Usp9x
Ubc,Yod1
Ubc,Otub1
Ubc,Uba1
Ubc,Ube2d1
Ubc,Ube2l3
Ubc,Ube2n
Ubc,Ube2o
Ubc,Ube2ql1
Ubc,Ogt
Ubc,Cmpk1
Ubc,Zdhhc20
Ubc,Ank3
Ubc,Smim14
Ubc,Fam214b
Ubc,Mturn
Ubc,Bles03
Ubc,Slc14a1
Ubc,Vps36
Ubc,Vps26a
Ubc,Vps45
Ubc,Vps52
Ubc,Vangl2
Ubc,Vamp1
Ubc,Vamp3
Ubc,Vamp7
Ubc,Slc17a7
Ubc,Slc17a6
Ubc,Vim
Ubc,Vcl
Ubc,Vsnl1
Ubc,Vdac1
Ubc,Vdac3
Ubc,Cacng8
Ubc,Cacna1c
Ubc,Cacna1b
Ubc,Kcnab2
Ubc,Atp6v0a1
Ubc,Atp6v1b2
Ubc,Atp6v1e1
Ubc,Wdr1
Ubc,Wasf1
Ubc,Xpnpep1
Ubc,Xirp2
Ubc,Zwint
Hunk,Nedd4
CDK3,Cdkn1a
CDK3,Cdkn1b
CDK2,Cdkn1a
CDK2,Cdkn1b
MELK,Acaca
March3,Ubc
March2,Ubc
March2,March3
Fcer1g,Mapk1
Fcer1g,Prkcd
Rac1,Mapk1
Rac1,Prkcd
Ms4a2,Lyn
Ms4a2,Akt1
Hsp90aa1,Ms4a2
Hsp90aa1,Akt1
Hsp90aa1,Lyn
Hsp90aa1,Egfr
Hsp90aa1,Prkcd
Abl1,Wasf1
Wasf1,Prkaca
Ubqln1,Efemp1
Ubqln1,Nbl1
Siah1,Mapk8
Vamp2,Snap25
Dlg1,Cav3
Dlg1,Kcna5
Cav3,Kcna5
Robo1,Slit1
Mdk,Braf
Mdk,Raf1
Mdk,Araf
Hras,Braf
Hras,Raf1
Hras,Araf
Psme1,Braf
Braf,Ywhab
Dync1i1,Dctn1
Dync1i1,Dctn2
Mdm2,Foxo1
Csnk2b,NFKBIA
Cnp,TRL1
Camk2a,GYS1
NCOA1,Esr2
Sptan1,Slc8a1
Slc8a1,Cacna2d1
Slc8a1,Atp1a2
Slc8a1,Atp1a3
Slc8a1,Ank2
Atp1a1,Atp2b1
Atp1a1,Ank2
Atp1a1,Ank3
Slc8a1,Sptbn1
Slc8a1,Atp2a2
Slc8a1,Itpr1
Atp1a2,Itpr1
Atp1a3,Itpr1
Atp1a2,Atp2b1
Atp1a2,Ank2
Atp1a3,Ank2
Atp1a2,Sptan1
Atp1a3,Sptan1
Atp1a2,Sptbn1
Sptan1,Ank2
Sptan1,Sptbn1
Sptan1,Itpr1
Sptbn1,Ank2
Sptbn1,Itpr1
Sptbn1,Cacna2d1
Itpr1,Ank2
Esr1,Tsc1
Calm1,Tsc1
Calm1,Tsc2
ELL,Polr2a
ELL,Polr2b
ELL,Polr2c
ELL,Polr2d
ELL,Polr2e
ELL,Polr2f
ELL,Polr2g
ELL,Polr2h
ELL,Polr2i
ELL,Polr2j
ELL,LOC100363176
ELL,Polr2l
XPO1,Plcd1
XPO1,Camk1
Tomm20,NCU02250
Anpep,Lmnb1
Tmpo,Lmnb1
Anpep,Vim
Jak2,Sh2b1
Sh2b1,PDGFRB
Jak2,Stat5a
Rgs12,Dlgap3
Rgs12,Map2k2
Ccna1,Ctnnb1
Ccne1,Ctnnb1
Cdk2,Ctnnb1
MLC1,Cav1
MLC1,Tuba1a
MLC1,Kcnj10
MLC1,Snta1
MLC1,Dtnb
MLC1,Dtna
MLC1,Cav2
Epor,Jak2
Jak2,Nfkbia
Camk2a,Lbr
Prkaca,Lbr
Csnk2a1,Lbr
Yipf3,Yipf4
Gpc3,Shh
FKBP4,Nr3c1
Mapk12,MAPT
Kcna2,Cntnap2
Kcnab2,Cntnap2
Kcnab2,Kcna2
Grm3,Camk2a
Grm2,Camk2a
Camk2a,Grm4
Camk2a,Grm7
Grm8,Pias1
Grm8,Pias2
Grm8,Ube2a
Grm8,Sumo1
Grm8,Pias4
Fxyd3,Atp1a1
Fxyd3,Atp4a
Atp1a1,Fxyd4
Pcm1,Camk2b
Camk2b,Cdc20
Camk2b,Ywhae
Camk2b,Tubg1
Rtn4,NDN
Ndn,Rtn4
Mapk7,Hsp90ab1
Mapk7,Cdc37
Plcb1,Atp5a1
Plcb1,Car1
Plcb1,Cfl1
Plcb1,Eef1a2
Plcb1,Eif3g
Plcb1,Eif5a
Plcb1,Eif5a2
Plcb1,Hspa9
Plcb1,Lmnb1
Plcb1,Lrrc59
Plcb1,Mcm7
Plcb1,Pcbp1
Plcb1,Pdap1
Plcb1,Plcb1
Plcb1,Rpl17
Plcb1,Rplp2
Plcb1,Rps10
Plcb1,Rps15
Plcb1,Ran
Plcb1,Serbp1
Plcb1,Snrpd3
Plcb1,Srsf2
Plcb1,Srsf3
Plcb1,Vdac3
Plcb1,Aldoa
Plcb1,Arf3
Plcb1,Arf4
Plcb1,Ddx3y
Plcb1,D1Pas1
Plcb1,Dhx9
Plcb1,Eif2s1
Plcb1,Eif3k
Plcb1,Eif4a2
Plcb1,Elavl1
Plcb1,H2afz
Plcb1,Hdlbp
Plcb1,Hist2h2bb
Plcb1,Hist1h2ba
Plcb1,Hist2h2be
Plcb1,Hist3h2bb-ps
Plcb1,Hist1h2bk
Plcb1,Hmgb1
Plcb1,Hmgb2
Plcb1,Hnrnpab
Plcb1,Hnrnpk
Plcb1,Naca
Plcb1,Ndufv2
Plcb1,Npm1
Plcb1,Phb2
Plcb1,Ppid
Plcb1,Rbmx
Plcb1,Rplp1
Plcb1,Rpl14
Plcb1,Rpl15
Plcb1,Rpl3
Plcb1,Rpl29
Plcb1,Rpl31
Plcb1,Rpl4
Plcb1,Rps15a
Plcb1,Rps17
Plcb1,Rps24
Plcb1,Set
Plcb1,Slc25a5
Plcb1,Slc25a31
Plcb1,Sumo2
Plcb1,Syncrip
Plcb1,Tardbp
Plcb1,Sub1
Plcb1,Tpm3
Plcb1,Vdac2
Plcb1,Actl6a
Plcb1,Ahsa1
Plcb1,Anp32b
Plcb1,Anxa5
Plcb1,Apex1
Plcb1,Atad1
Plcb1,Atp5f1
Plcb1,Atp5h
Plcb1,Btf3
Plcb1,Car2
Plcb1,Cct2
Plcb1,Cct7
Plcb1,Cdc42
Plcb1,Chd4
Plcb1,Chd5
Plcb1,Cnot1
Plcb1,Cpsf6
Plcb1,Csnk2a1
Plcb1,Cstf3
Plcb1,Dnajc2
Plcb1,Eif3i
Plcb1,Eif3m
Plcb1,Eif4b
Plcb1,Flna
Plcb1,Fmr1
Plcb1,Chtop
Plcb1,G3bp1
Plcb1,Gpi1
Plcb1,Hmbs
Plcb1,Hmgb3
Plcb1,Hnrnpa3
Plcb1,Hnrnpa1
Plcb1,Hnrnpc
Plcb1,Hp1bp3
Plcb1,Kpna2
Plcb1,Kpna4
Plcb1,Kpnb1
Plcb1,Lyar
Plcb1,Mbd3
Plcb1,Mdh2
Plcb1,Ndufa9
Plcb1,Ndufs3
Plcb1,Nme1
Plcb1,Npm3
Plcb1,Numa1
Plcb1,Nxf1
Plcb1,Ola1
Plcb1,Pcbp2
Plcb1,Pelp1
Plcb1,Pgam1
Plcb1,Pgam2
Plcb1,Ppia
Plcb1,Ppp1ca
Plcb1,Prdx1
Plcb1,Prdx4
Plcb1,Prdx2
Plcb1,Prdx6
Plcb1,Rad50
Plcb1,Rangap1
Plcb1,Rpl10
Plcb1,Rpl18a
Plcb1,Rpl27
Plcb1,Rpl30
Plcb1,Rpl32
Plcb1,Rpl9
Plcb1,Rps20
Plcb1,Rps23
Plcb1,Rrm1
Plcb1,Sf3b1
Plcb1,Slc25a3
Plcb1,Smarca4
Plcb1,Smc1a
Plcb1,Snrpd1
Plcb1,Snrpd2
Plcb1,Sptan1
Plcb1,Srp68
Plcb1,Ssb
Plcb1,Ssr4
Plcb1,Stoml2
Plcb1,Tln1
Plcb1,Tmpo
Plcb1,Tomm22
Plcb1,Tpi1
Plcb1,Tpr
Plcb1,Tpt1
Plcb1,U2surp
Plcb1,Uqcrc1
Plcb1,Vps35
Plcb1,Ybx1
Lmb1,Plcb1
LOC366310,NCBP2
LOC366310,PHAX
LOC366310,XPO1
Omp,Bex1
Gclc,Gclm
Htt,Tubb5
Rac3,Ppp1r9a
Mvk,Ube2i
Mvk,Hspa5
Mvk,Eif5a
Mvk,Rps20
Cav1,Nf1
Fnbp1,Rnd2
Plxnb1,Rnd1
Plxnb1,Rnd3
Fnbp1,Wasl
Htr2b,Agtr1a
Prkca,ANXA7
Prkcb,ANXA7
Prkcg,ANXA7
Mafa,Mapk14
Grin2d,Nedd4
Nedd4,Grin2d
Eif2b5,UBC
Eif2b5,Nedd4
Park2,UBE2L3
BECN1,Vmp1
Vmp1,PIK3C3
Stau2,Nup62cl
Stau2,Nup62
Stau2,Nxf1
Stau2,Rbm8a
Stau2,MAGOHB
Slc27a2,ABCD1
Cdc42,Pak2
Pak2,Mbp
Pak1,Cdc42
Irs1,Sqstm1
Srcin1,Sorbs3
Srcin1,Syp
PPL,Vim
Hspa8,DNAJC7
Hspa8,TTC1
Hspa8,SGTA
Hspa8,STIP1
Prkcg,MAPT
Prkcg,HIST1H1A
Prkcg,HIST1H1C
Nup93,Nup62
Cav1,Cav2
Sipa1l1,Btrc
Sipa1l1,Ubc
Psmd4,Tubg1
Psmd4,Ywhae
Psmd4,Id1
Psmd4,Rpn1
Psmd4,Psmd13
MEC1,Eif4ebp1
Runx2,Cbfb
Vegfa,Nrp1
DOK1,Syngap1
DOK1,Nck1
Pla2g4a,Vim
Nutf2,Nup62
Sqstm1,DAXX
Sqstm1,KIF3A
Sqstm1,MEGF8
Sqstm1,SQSTM1
Sqstm1,SUMO1
Sqstm1,SPG20
Sqstm1,Spg20
Slc39a3,Spg20
P2rx4,P2rx7
Sqstm1,PRKCZ
Myo5b,RAB8A
Myo5b,RAB11A
Pik3r1,Irs3
Pik3r1,Pik3ca
Abl1,Grb2
Csnk1d,sid4
mi,Ccne1
Stat3,Pdia3
Alox12,NCF1
INSR,Grb2
INSR,Hgf
SHC1,Hgf
SHC1,Grb2
Prkcz,mapk1-b
Prkcz,mapk1-a
Prkcz,map2k1
Traf2,Ubc
Prkcz,Map2k1
Prkcz,Map2k2
Prkcz,nfkbia
Raf1,nfkbia
Map2k1,mapk1-a
Map2k2,mapk1-a
Map2k1,mapk1-b
Map2k2,mapk1-b
Egfr,Grb2
Egfr,Gab1
Mgrn1,GDU1
Mgrn1,GDU2
Mgrn1,GDU3
Mgrn1,GDU5
Rassf6,Mdm2
Pld2,Ptk2b
Src,Pld2
Notch1,Jag1
Notch1,Jag2
Hk3,PTGDS
Hk3,LEP
Hk3,GRN
Hk3,IGFBP4
Hk3,ZBTB17
Hk2,PTGDS
Hk2,IGFBP4
Hk2,ZBTB17
Hk3,Ptgds
Hk3,Igfbp4
Hk3,Zbtb17
Hk3,Grn
Hk3,Lep
Lep,Ptgds
Lep,Igfbp4
Lep,Zbtb17
Lep,Grn
CFTR,Tceb1
CFTR,Tcp1
Ptprr,Src
Shc1,Inpp5d
Dok1,Inpp5d
Dok1,Rasa1
Inpp5d,Fcgr2b
Inpp5d,Ms4a2
Fcgr2b,Inpp5d
Dok1,Inpp5d
Elavl1,Ptgs2
Elavl1,Serpine1
Serpine1,Prkcd
Lipe,Star
Lipe,Fabp9
Kat5,Pla2g4a
P2rx4,Ap2m1
Gja1,Calm1
Gja1,Rplp2
Gja1,Tmem43
Gja1,Acta1
Gja1,Pfn1
Gja1,Prdx2
Gja1,Rps3a
Gja1,Ywhaz
Gja1,Anxa1
Gja1,Rpl22
Gja1,Aldoa
Gja1,Dstnl1
Gja1,Rpl27
Gja1,Rap1a
Gja1,Eef1d
Gja1,Akr1b1
Gja1,Anxa2
Gja1,Rplp0
Gja1,Shmt1
Gja1,Arpc4
Gja1,Nefm
Gja1,Atp1b3
Gja1,Atp5b
Gja1,Eif4g1
Gja1,Ran
Gja1,Pycr1
Gja1,Lima1
Gja1,Psmd13
Gja1,Vps29
Gja1,Rpl23
Gja1,Actn4
Gja1,Oat
Gja1,Unc45a
Gja1,Nup93
Gja1,Rps17
Gja1,Prph
Gja1,Prdx1
Gja1,Cltc
Gja1,Npepl1
Gja1,Dcn
Gja1,Lgals1
Gja1,Eef2
Gja1,Eef1g
Gja1,Hist1h3f
Gja1,Sod1
Gja1,Spta1
Gja1,Hsp90aa1
Gja1,Vim
Gja1,Arpc5
Gja1,Nefl
Gja1,Ndufs1
Gja1,Eif3e
Gja1,Actr2
Gja1,Rps16
Gja1,Hspd1
Gja1,Acadl
Gja1,Stau1
Gja1,Cct6a
Gja1,Hadha
Gja1,Pdia3
Gja1,Pkm
Gja1,Lmnb1
Gja1,Serpine2
Gja1,Cfl1
Gja1,Ppia
Gja1,Rpsa
Gja1,Qars
Gja1,Limch1
Gja1,Dars
Gja1,Hist1h1b
Gja1,Tuba1a
Gja1,Ubb
Gja1,Capza2
Gja1,Txnrd1
Gja1,Capza1
Gja1,Gnai2
Gja1,Ctsl
Gja1,Tubb4a
Gja1,Nrm
Gja1,Rplp1
Gja1,Uqcrc2
Gja1,Prdx3
Gja1,Hspa9
Gja1,Gapdh
Gja1,Pld3
Gja1,Hsp90ab1
Gja1,Tubb4b
Gja1,Flnc
Gja1,Hspa8
Gja1,Tubb6
Gja1,Prdx5
Gja1,Flna
Gja1,Hnrpd
Gja1,Kpna1
Gja1,Psmb7
Gja1,Psmd2
Gja1,Hspa5
Gja1,Psmd7
Gja1,Vdac2
Gja1,Rcn1
Gja1,Eno1
Gja1,Slc25a5
Gja1,Slc25a4
Gja1,Atp1a1
Gja1,Elp6
Gja1,Elp5
Gja1,Trim21
Gja1,Hsd17b12
Trim21,UBE2D1
NOS3,Calm1
Erbb3,RPL13A
Gabbr1,Gabbr2
Katna1,Tcp1
Katna1,Stip1
Katna1,Stxbp1
Katna1,Rufy3
Katna1,Pgk1
Katna1,Mapre1
Katna1,Map2
Katna1,Katnb1
Katna1,Idh1
Katna1,Hspa1a
Katna1,Hspa8
Katna1,Hsp90ab1
Katna1,Hsp90aa1
Katna1,Pygm
Katna1,Dpysl2
Katna1,Krt1
Nos1,Ubc
Stub1,Nos1
Stub1,Hspa1a
Ubc,Scnn1g
Akt1,Gsk3b
Stk11,Hsp90aa1
Stk11,Cdc37
BIN1,Dnm1
Nploc4,Ufd1l
Nploc4,Vcp
Nupl1,Nup54
Nup62,Nup54
Nr3c1,Ubc
Nr3c1,Stub1
Nr3c1,Mdm2
Camlg,Tmub1
Sharpin,Shank3
Sptan1,Shank3
Hif1a,Foxm1
Hif1a,Pin1
Senp6,Rara
Khdrbs1,Kcnab2
Faim,Xiap
Xiap,Diablo
Ptpn5,Grin2b
Grin1,Grin2b
March2,Stx12
March2,Stx8
March2,Vamp4
Abcb11,Ap2a1
Lnx1,Igsf5
ABCB11,Ap2a1
ABCB11,Ap2m1
Homer3,Psmc5
Psmc5,Grm1
MAP1LC3B,Cacna1b
MAP1LC3B,Cacnb3
Cacna1b,Ube2l3
Hdac3,Cebpa
Cebpa,Sumo1
OPTN,Tfrc
OPTN,Rab8a
Srebf1,Rnf20
Srebf1,UBC
Srebf1,Uba52
Srebf1,Tbx3
Srebf1,Gadd45b
Srebf1,Rnf130
Srebf1,Ccar1
Srebf1,Nacc1
Syp,Siah1
Syp,Siah2
GPR37,Pick1
GRIA2,Pick1
PARP1,Rnf146
Slc9a3,NEDD4L
Prkca,PAH1
Nploc4,UBC
Park2,Becn1
Park2,Ambra1
Adap1,Ranbp9
Kcna3,Mmp23
WDR26,Plcb2
PLCB2,Wdr26
WDR26,Wdr26
Drd1,Ranbp9
Cit,RANBP9
Cit,LOC462444
Cit,Ranbp9
Map1lc3a,Tuba1a
Map1lc3b,Tuba1a
Map1a,Tuba1a
Prkca,Bcl2
Prkcb,Bcl2
Prkcg,Bcl2
Csnk2b,Eif4ebp1
Prkca,Eif4ebp1
Gabbr2,PSMC5
Gabbr2,Psmc5
Psen1,Erlin2
Ncstn,Erlin2
Aph1a,Erlin2
Psenen,Erlin2
Sik3,Ywhaz
Sik3,Crtc2
Prkaa2,Crtc2
Sik2,Crtc2
Slc12a3,Nedd4l
Slc12a3,WNK3
Mdm2,Ptgs2
STXBP5L,Stxbp5l
STXBP5L,Dnaja1
STXBP5L,Sncb
STXBP5L,LOC100363737
STXBP5L,Os9
STXBP5L,Syvn1
STXBP5L,Sel1l2
STXBP5L,Cse1l
STXBP5L,Tubb4b
STXBP5L,Sel1l
STXBP5L,Tufm
STXBP5L,Sec16a
STXBP5L,LOC100363904
STXBP5L,LOC100365839
STXBP5L,Mcm3
STXBP5L,Rpsa
STXBP5L,Copb1
STXBP5L,Tcp1
STXBP5L,Gcn1l1
STXBP5L,Cul3
STXBP5L,LOC290704
STXBP5L,Grpel1
STXBP5L,Tuba1c
STXBP5L,LOC100360154
STXBP5L,Cope
STXBP5L,Tuba4a
STXBP5L,Rnf13
STXBP5L,Amz2
STXBP5L,LOC100366016
STXBP5L,LOC100363878
STXBP5L,Atp5h
STXBP5L,Fstl4
STXBP5L,Dync1i2
STXBP5L,Hadha
STXBP5L,Atxn2
STXBP5L,Atp5j
STXBP5L,Ranbp1
STXBP5L,Copa
STXBP5L,Tmem263
STXBP5L,Dnajb11
STXBP5L,Itln1
STXBP5L,LOC100360522
STXBP5L,Dnaja2
STXBP5L,Acad10
STXBP5L,Cyp2c80
STXBP5L,Vcp
STXBP5L,Ywhaq
STXBP5L,Dnah17
STXBP5L,Tmem109
STXBP5L,Copg1
STXBP5L,Abca4
STXBP5L,Clta
STXBP5L,Trim28
STXBP5L,LOC680161
STXBP5L,Akap7
STXBP5L,Bst2
STXBP5L,C1qbp
STXBP5L,Camk2b
STXBP5L,Cct3
STXBP5L,Cdc37
STXBP5L,Copb2
STXBP5L,Eif4b
STXBP5L,Ermp1
STXBP5L,Fam96b
STXBP5L,Gfpt1
STXBP5L,Hm13
STXBP5L,Hdgfrp3
STXBP5L,Hmgn3
STXBP5L,Hn1
STXBP5L,Hspa4
STXBP5L,Ins2
STXBP5L,Kb23
STXBP5L,Kif5b
STXBP5L,Lmo7
STXBP5L,LOC100360573
STXBP5L,LOC100364368
STXBP5L,Nbas
STXBP5L,LOC297756
STXBP5L,Atp8b2
STXBP5L,LOC501222
STXBP5L,Marcksl1
STXBP5L,Mfap1a
STXBP5L,Babam1
STXBP5L,Mlec
STXBP5L,Myef2
STXBP5L,Ndufv2
STXBP5L,Nnt
STXBP5L,Nomo1
STXBP5L,Nudc
STXBP5L,Pcsk1n
STXBP5L,Pdhb
STXBP5L,Pgk2
STXBP5L,Psmc5
STXBP5L,Psmd3
STXBP5L,Ptms
STXBP5L,Rab5b
STXBP5L,Rab5c
STXBP5L,Ranbp2
STXBP5L,Sec31a
STXBP5L,Snrnp27
STXBP5L,Snrpa
STXBP5L,Sphkap
STXBP5L,Stip1
STXBP5L,Stoml2
STXBP5L,Sytl4
STXBP5L,Taf15
STXBP5L,Tceal3
STXBP5L,Tgoln2
STXBP5L,Tnpo1
STXBP5L,Tnpo2
STXBP5L,Tor1aip2
STXBP5L,Vwa5b2
STXBP5L,Zmpste24
STXBP5L,Cep162
STXBP5L,Eef1b2
STXBP5L,Actr1a
STXBP5L,Eif3b
STXBP5L,Iapp
STXBP5L,Arsb
STXBP5L,Plec
STXBP5L,Gpd2
STXBP5L,LOC100364825
STXBP5L,Pgam5
STXBP5L,LOC679835
STXBP5L,Gnb1
STXBP5L,Sec11a
STXBP5L,Srprb
STXBP5L,Ncl
STXBP5L,Ndufs1
STXBP5L,Nucb1
STXBP5L,Cep135
STXBP5L,Krt8
STXBP5L,Purb
STXBP5L,Fam114a2
STXBP5L,Ckap4
STXBP5L,Hnrnpr
STXBP5L,Rab3a
STXBP5L,Scgn
STXBP5L,LOC681754
STXBP5L,Seh1l
STXBP5L,Thy1
STXBP5L,LOC100361067
STXBP5L,Dynll1
STXBP5L,Tardbp
STXBP5L,Prdx2
STXBP5L,Fam114a1
STXBP5L,LOC100365196
STXBP5L,Ttc22
STXBP5L,Cox5b
STXBP5L,LOC686499
STXBP5L,Map1b
STXBP5L,LOC300303
STXBP5L,RGD1563551
STXBP5L,Ppard
STXBP5L,Phb2
STXBP5L,Scfd1
STXBP5L,Gaa
STXBP5L,Hba2
STXBP5L,Atp6v0d1
STXBP5L,Ptma
STXBP5L,Anxa5
STXBP5L,Usp15
STXBP5L,Pgam1
STXBP5L,Hnrnph3
STXBP5L,RGD1566197
STXBP5L,Rpl17-ps1
STXBP5L,Vgf
STXBP5L,Tmed2
STXBP5L,LOC100361858
STXBP5L,RGD1562284
STXBP5L,LOC680039
STXBP5L,U2af2
STXBP5L,Ndufb8
STXBP5L,Kifc2
STXBP5L,Cnbp
STXBP5L,Chchd3
STXBP5L,Lmnb2
STXBP5L,Srsf4
STXBP5L,Dynll2
STXBP5L,Cplx2
STXBP5L,Gps1
STXBP5L,LOC100359517
STXBP5L,Atp5d
STXBP5L,Trip11
STXBP5L,Lrrfip2
STXBP5L,Vil1
STXBP5L,Cox4i1
STXBP5L,LOC286987
STXBP5L,Sh3glb1
STXBP5L,Ndufv3-ps1
STXBP5L,Pdia6
STXBP5L,Atp5g2
STXBP5L,Ncam1
STXBP5L,Nolc1
STXBP5L,Timm44
STXBP5L,Psap
STXBP5L,Tpd52l2
STXBP5L,Ina
STXBP5L,Sod1
STXBP5L,Hmga1
STXBP5L,Gorasp2
STXBP5L,Slc7a5
STXBP5L,Hnrnpul2
STXBP5L,Myo18a
STXBP5L,Scg5
STXBP5L,Spcs2
STXBP5L,Actg2
STXBP5L,Atp6v0a1
STXBP5L,Ccar2
STXBP5L,Pgrmc1
STXBP5L,Glg1
STXBP5L,Ubc
STXBP5L,Hmgn2
STXBP5L,Rcn1
STXBP5L,Cd81
STXBP5L,Zc3h13
STXBP5L,Ganab
STXBP5L,Myl12b
STXBP5L,Tpm4
STXBP5L,Atp1a2
STXBP5L,Dbn1
STXBP5L,Tpm1
STXBP5L,Tmod3
STXBP5L,Gsn
STXBP5L,Mroh6
STXBP5L,LOC100359600
STXBP5L,Chmp4b
STXBP5L,Dnaaf3
STXBP5L,Mycbp
STXBP5L,LOC100361427
STXBP5L,LOC100363620
STXBP5L,LOC100363860
STXBP5L,LOC100366048
STXBP5L,LOC689805
STXBP5L,Ndufv3
STXBP5L,Hmgn5b
STXBP5L,Psma3
STXBP5L,Rplp1
STXBP5L,Rps26
STXBP5L,LOC100365943
STXBP5L,LOC100359583
STXBP5L,LOC100360508
STXBP5L,Psma3l
STXBP5L,LOC100361008
Eps15,Gria1
Bcl2l1,Dnm1l
Camk2d,SRF
MAPT,Ywhaz
Stk11,Prkaa2
Camkk1,Camk1
Camkk2,Camk1
Camkk2,Prkaa2
Camkk2,SAK1
Camkk2,TOS3
Camkk2,ELM1
Ubc,Park2
Prkab1,RAF1
MAPK1,Eif4ebp1
Hspa4,Braf
Hspa4,Bag1
Braf,Akt1
Bag1,Akt1
Braf,Bad
Akt1,Sh2b2
Adrbk1,Akt1
Sncaip,Pphln1
Dlg4,Actg1
Dlg4,Klhl17
Klhl17,ACTA1
Rnf157,APBB1
Srr,Fbxo22
Cacna1g,Ranbp9
Spp1,IFITM3
Spp1,Ifitm3
Src,Agtr1a
Abl1,Agtr1a
Kat2b,Ptf1a
Neurod1,Tcf7l1
Neurod1,SREBF1
SREBF1,Tcf7l1
Sox9,EP300
Sox9,SMAD2
Sox9,SMAD3
Sox9,PPARGC1A
Wt1,Crebbp
CREBBP,Cebpb
EP300,Cebpb
Creb1,Hspa1a
GCK,Midn
Ep300,Atf5
CTNNB1,Cited1
Ep300,Sp1
Zfpm2,EP300
Gata4,EP300
Ret,Aip
E2f5,Ep300
Pi4k2a,Itch
Pi4k2a,Itch
Pi4k2a,Ap3b2
Pi4k2a,Ap3d1
Pi4k2a,Ubc
Pi4k2a,Ube2o
Pi4k2a,Usp9x
Pi4k2a,Ap3b1
Pi4k2a,Nedd4
Pi4k2a,Wwp1
Ntrk2,Ngfr
Ntrk3,Ngfr
App,Ngfr
Ngfr,Psen1
Cdon,ABL1
Cdon,SPAG9
Prkaa1,Tsc2
Prkaa1,Flcn
FNIP1,Flcn
FNIP2,Flcn
ZNF335,Rqcd1
RASA1,Arhgap35
RASA1,Dok1
Dok1,Shc1
Shc1,Sos1
Ptpn11,Irs1
Sqstm1,Prkci
Prkci,Mbp
Psen1,Efnb2
Src,Efnb2
Src,Ctf2
Efnb2,Nck2
Src,Csk
FKBP4,Mapt
Senp2,SUMO2
Senp2,SUMO3
Sharpin,UBC
RNF31,Sharpin
Rangap1,Ube2i
Usp46,Uba52
TNK2,Nedd4l
TNK2,Amph
TNK2,Clta
TNK2,Fabp4
TNK2,Bin2
Park2,Mllt4
Nedd4l,Hcn1
UBC9,Pdc
SQSTM1,Ubc
Kcna5,Prkcz
Kcna5,Sqstm1
Bcl2,Bax
Insr,Plvap
Insr,Atic
Insr,Arcn1
Insr,Ptplad1
Insr,Grb14
Insr,Prkaa1
Insr,Prkaa2
Akt1,Gapdh
Sorbs3,Abl1
Abl2,Sorbs3
Ocrl,Rab1a
Ocrl,Rab5a
Ocrl,Rab6a
Ocrl,Rab8a
Ocrl,Rab14
RAN,Rangap1
Pdcl,Psmc5
Csnk1d,Snapin
Csnk1d,Map4
Ubc,Nsfl1c
Ubc,Nploc4
Vac14,Nos1
Grm4,Pias1
Grm6,Pias1
Grm7,Pias1
Mib1,Gbas
Mib1,Dync1h1
Mib1,C1qb
Mib1,C1qc
Mib1,Arhgef25
Mib1,Kb15
Mib1,Syngap1
Mib1,Lancl1
Mib1,Lrrc7
Mib1,Gstm3
Mib1,Lancl2
Mib1,Gstm1
Mib1,Ocrl
Mib1,Gstm5
Mib1,Hbb
Mib1,Ssbp1
Mib1,Htra2
Mib1,Tpm3
Mib1,Psd3
Mib1,Tgm1
Mib1,Dsg1
Mib1,Gys1
Mib1,Hist1h4b
Mib1,Blmh
Mib1,Fam109a
Mib1,Tmcc3
Mib1,Hist1h2bb
Mib1,Pde4b
Mib1,Arg1
Mib1,Gsta4
Mib1,Gstm6
Mib1,RGD1563769
Mib1,Selenbp1
Mib1,Serpinb13
Mib1,Nccrp1
Mib1,Tbc1d1
Mib1,Tbc1d30
Mib1,Gsdma
Mib1,Plbd1
Mib1,Psmb5
Mib1,Ggct
Mib1,Ldhb
Mib1,Pde4d
Mib1,Prss1
Mib1,Tspyl4
Mib1,Diras2
Mib1,Lphn3
Mib1,Mbp
Mib1,Gtf2i
Mib1,Rab11fip5
Mib1,Ythdc2
Mib1,Nos1
Mib1,Sbno1
Mib1,Ddx6
Mib1,Gpc4
Mib1,Pcf11
Mib1,Cdkl5
Mib1,Prpf4b
Mib1,Luzp1
Mib1,Nrxn1
Mib1,Pc
Mib1,Nrxn2
Mib1,Sntb2
Mib1,Atp5b
Mib1,Exosc10
Mib1,Gigyf2
Mib1,Gpc1
Mib1,Tubb4b
Mib1,Fnbp1
Mib1,Map9
Mib1,Apba1
Mib1,Tubb4a
Mib1,Apba2
Mib1,U2surp
Mib1,Atp5a1
Mib1,Ccar2
Mib1,Idh3B
Mib1,Mink1
Mib1,Zc3h14
Mib1,Ago3
Mib1,Nrxn3
Mib1,Tubb2a
Mib1,C2cd5
Mib1,Dmd
Mib1,Tceb3
Mib1,Tubb5
Mib1,Snta1
Mib1,Ass1
Mib1,Hmgcs2
Mib1,Edc3
Mib1,Cat
Mib1,Mark3
Mib1,Rbm27
Mib1,Sema6d
Mib1,Dcn
Mib1,Prpf6
Mib1,Tbr1
Mib1,Cherp
Mib1,Poldip3
Mib1,Rnmt
Mib1,Pard3
Mib1,Zfp598
Mib1,Eif2ak2
Mib1,Rpl5l1
Mib1,Cbr1
Mib1,Madd
Mib1,Hist1h1d
Mib1,Hnrnpdl
Mib1,Magee1
Mib1,Nup98
Mib1,Sh3pxd2a
Mib1,Tubb6
Mib1,Camk2b
Mib1,Pygb
Mib1,Tuba4a
Mib1,Col1a1
Mib1,Csnk2b
Mib1,Dhrs4
Mib1,Ivd
Mib1,Npm1
Mib1,Srsf1
Mib1,Tbc1d5
Mib1,Gcdh
Mib1,Idh2
Mib1,Phyhip
Mib1,Sipa1l1
Mib1,Tuba1c
Mib1,Csnk2a2
Mib1,Dis3l2
Mib1,Dld
Mib1,Nap1l1
Mib1,Camk2d
Mib1,Cyld
Mib1,Fam175b
Mib1,Map4k4
Mib1,Mark4
Mib1,Nf1
Mib1,Trmt10c
Mib1,Anapc7
Mib1,C1qbp
Mib1,Ctnnal1
Mib1,Idh3g
Mib1,Rbm17
Mib1,Usp6nl
Mib1,Camk2g
Mib1,Creb1
Mib1,Idh3a
Mib1,LOC687994
Mib1,Prnp
Mib1,Snx9
Mib1,Tdrd3
Mib1,Gkap1
Mib1,Hnrnph2
Mib1,Irs1
Mib1,Mef2c
Mib1,Tmem119
Mib1,Ankrd50
Mib1,Arhgap29
Mib1,Bgn
Mib1,Casq2
Mib1,Cnp
Mib1,Dennd5a
Mib1,Gsta5
Mib1,Lppr4
Mib1,Lrrc47
Mib1,Mical2
Mib1,Nap1l4
Mib1,Snx33
Mib1,Srsf5
Mib1,Tiam1
Mib1,Top3b
Mib1,Eif4e2
Mib1,Erbb2ip
Mib1,Fmnl2
Mib1,Gfap
Mib1,Hist1h1b
Mib1,Lgi1
Mib1,LOC289641
Mib1,Mef2d
Mib1,Mpp3
Mib1,Phax
Mib1,Sdc2
Mib1,Sucla2
Mib1,Syt7
Mib1,Tmcc2
Mib1,Ankrd34c
Mib1,Clp1
Mib1,Coro6
Mib1,Exosc9
Mib1,LOC100910660
Mib1,Map7
Mib1,Myt1l
Mib1,Rps15a
Mib1,Rundc3b
Mib1,Scaper
Mib1,Sin3a
Mib1,Tceb2
Mib1,Zranb2
Mib1,Agap1
Mib1,Ap3m2
Mib1,Cdc27
Mib1,Cdkl2
Mib1,Gpc5
Mib1,Hnrnpu
Mib1,Purb
Mib1,Rasal2
Mib1,RGD1564688
Mib1,Rgs3
Mib1,Slc25a4
Mib1,Srsf4
Mib1,Uggt1
Mib1,Babam1
Mib1,Col1a2
Mib1,Kcna1
Mib1,Sdpr
Mib1,Ywhah
Mib1,Actn1
Mib1,Cables1
Mib1,Exosc5
Mib1,Ilk
Mib1,Lmnb1
Mib1,Mrps35
Mib1,Phyhipl
Mib1,Pura
Mib1,Tmeff2
Mib1,Tub
Mib1,Crym
Mib1,Dapk3
Mib1,LOC501110
Mib1,Mctp1
Mib1,Otud4
Mib1,Pabpn1
Mib1,Rae1
Mib1,Spata2
Mib1,Usp3
Mib1,Anp32b
Mib1,Anp32e
Mib1,Arhgap23
Mib1,Atp5c1
Mib1,Cpeb2
Mib1,Exosc2
Mib1,Fbxl16
Mib1,Fibp
Mib1,Hnrnpa1
Mib1,Ncl
Mib1,Sdc3
Mib1,Spock1
Mib1,Srp14
Mib1,Srsf7
Mib1,Utp18
Mib1,Vps33b
Mib1,Xylt1
Mib1,Atp2a3
Mib1,Bco2
Mib1,Cbln1
Mib1,Cbln3
Mib1,Gpc3
Mib1,H2afy
Mib1,Htra1
Mib1,Kpna3
Mib1,Kras
Mib1,Lasp1
Mib1,Parva
Mib1,Plg
Mib1,Ppp1cb
Mib1,RGD1562399
Mib1,Scaf11
Mib1,Sema5a
Mib1,Smn1
Mib1,Spock2
Mib1,Strap
Mib1,Tmeff1
Mib1,U2af2
Mib1,Zc2hc1a
Mib1,Abcc3
Mib1,Apba3
Mib1,Atp6v1d
Mib1,Clpx
Mib1,Dgkd
Mib1,Dmxl1
Mib1,Exosc6
Mib1,Exosc7
Mib1,Fhl1
Mib1,Gnb3
Mib1,Jmjd1c
Mib1,Pdp1
Mib1,Peak1
Mib1,Pnn
Mib1,Rala
Mib1,Rap1a
Mib1,RGD1304704
Mib1,RGD1564606
Mib1,Rnf14
Mib1,Rps3a
Mib1,Rps5
Mib1,Rsu1
Mib1,Sipa1l3
Mib1,Smg6
Mib1,Snrpd3
Mib1,Tcf20
Mib1,Tfpi
Mib1,Acin1
Mib1,Acsbg1
Mib1,Ascc1
Mib1,Car10
Mib1,Cacng8
Mib1,Cyth1
Mib1,Dnpep
Mib1,Gnl3l
Mib1,Hp1bp3
Mib1,Kbtbd8
Mib1,Larp1
Mib1,Larp7
Mib1,Lims1
Mib1,LOC360933
Mib1,Mctp2
Mib1,Pax6
Mib1,Prkd1
Mib1,Rac3
Mib1,Rbmxrtl
Mib1,RGD1306195
Mib1,RGD1563613
Mib1,Sbf1
Mib1,Secisbp2l
Mib1,Sept2
Mib1,Shoc2
Mib1,Sipa1l2
Mib1,Sugt1
Mib1,Uhrf2
Mib1,Wdhd1
Mib1,Wdr24
Mib1,Zfc3h1
Mib1,Scyl2
Mib1,Dll4
Mib1,Ctnnb1
Mib1,Ctnna1
Mib1,Ube2d2
Prkcg,LTI30
Ar,CREBBP
Clcn1,Crbn
Clcn1,Cul4b
Clcn1,Ddb1
TIM50,Aldh2
GRB14,Chfr
Prkaca,MTH1
Esr1,Dyx1c1
Esr2,Dyx1c1
Esr1,Ncoa1
DNAJB6,Bag3
DNAJB6,Hspb8
DNAJB6,Stub1
TIPRL,Ppp2ca
Ppp2r1a,Ppp2ca
Ppp2ca,PPP2R1A
Irs2,Nedd4
PRICKLE1,Tanc2
PRICKLE1,Tanc1
PRICKLE1,Usp9x
PRICKLE1,Bcr
PRICKLE1,Mycbp2
PRICKLE1,Rpl23
PRICKLE1,Cad
PRICKLE1,Rpl4
PRICKLE1,Rps26
PRICKLE1,Tubb4b
PRICKLE1,Tubb5
PRICKLE2,Tanc2
PRICKLE2,Tanc1
PRICKLE2,Usp9x
PRICKLE2,Bcr
PRICKLE2,Mycbp2
PRICKLE2,Rpl23
PRICKLE2,Cad
PRICKLE2,Rpl4
PRICKLE2,Rps26
PRICKLE2,Tubb4b
PRICKLE2,Tubb5
Park2,Arrb1
Tceb3,REXO1
Prkca,SATB1
Prkca,PARK2
Csnk1d,PARK2
AKAP13,Prkch
AKAP13,Prkca
Ptn,Sdc3
CBL1,Ppp3r1
Clip2,Clasp1
Clip1,Clasp1
Nr2f2,SQSTM1
HOMER1,Grm5
HOMER1,Grm1
Pou3f4,HNRNPU
Pou3f4,Pou3f3
Pou3f2,Pou3f4
Pou3f4,Pou3f1
AMPH,Dnm1
GRB2,Dnm1
Il16,Grin2b
Il16,Grin2c
Il16,Grin2d
Il16,Kcnd3
PRKCA,Pick1
PRKCA,Grm5
Csk,Pag1
Slc9a1,Map3k14
Dmd,Dtnb
Utrn,Dtnb
Dmd,Dtna
Utrn,Dtna
L1CAM,Ank3
Cacybp,S100a1
Cacybp,S100a6
Cacybp,S100b
Dynlt1,NTRK2
Mbtps1,S1pr5
Agtr2,ZBTB16
Plekhg5,Mpdz
Cacna1a,Ube2l3
Cacna1a,Map1b
Jun,Klf5
Lrp2,Dync1i2
Lrp2,Ldlrap1
Ldlrap1,Dync1i2
Grik2,PARK2
Socs2,Ntrk1
Socs2,Ntrk2
Socs2,Ntrk3
Arrb2,USP20
Ntrk1,Usp8
Eea1,Ntrk1
Eea1,Usp8
Eea1,Copb1
Arfgap1,Cltc
Arfgap1,Ap2a1
Arfgap1,Copg1
Arfgap1,Hspa4
Arfgap1,Tubb3
Arfgap1,Ap2m1
Arfgap1,Cep135
Arfgap1,Copb1
Arfgap1,Ctbp1
Tfrc,Arfgap1
Tfrc,Ap2b1
Tfrc,Arf6
CFTR,Myo6
Tfap2a,Cftr
DAB2,Myo6
TFAP2A,Cftr
DAB2,Tfap2a
Ubr5,TNRC6A
Ubr5,PAIP1
NEURL4,Dll1
LRRK2,Dll1
neur,Dll1
Park2,UBC
Stub1,Aifm1
Nox4,Hspa1a
Nox4,Stub1
Jag1,APBB1
NEURL1,Jag1
Stub1,Chrna3
Stub1,Ubxn2a
Stub1,Vcp
Vcp,Chrna3
Vcp,Ubxn2a
Ubxn2a,Vcp
Ubxn2a,Chrna3
Tagln,G6pd
Tagln,G6pdx
Tagln,Traf6
Gria1,Tnik
Gria1,Traf2
Slc22a8,Nedd4l
ABCG1,Acly
ABCG1,Atp1a1
ABCG1,Dnm2
ABCG1,Dctn1
ABCG1,Nckap1
ABCG1,Tuba1a
ABCG1,Aco2
ABCG1,Map4k4
ABCG1,Dsp
GABBR1,Usp14
Cyp2e1,Jun
Cyp2e1,Jund
Junb,Map3k1
Mat1a,Pdrg1
Pdrg1,Mat2a
Pdrg1,MAT2A
Nos1,Prkd1
Trpv1,Akap5
Hspb1,Mapkapk5
MAPKAPK2,Pde4a
Aip,Pde4a
Arrb1,Pde4a
Disc1,Pde4a
Map3k7,Prkaa1
MAPK1,Prdx6
Kcnma1,Pla2g4a
Kcnmb1,Pla2g4a
Mapk3,Ptgs2
Mapk1,Ptgs2
Src,Celf2
Mapk14,Atf2
Mapk14,Map2k3
Sftpa1,Prdx6
LPAR2,Slc9a3r2
Map2k1,MBP
Fgfr1,Rps6ka1
Drd2,Gria2
Drd2,Gria1
Drd2,Nsf
Gria2,Nsf
Gria2,Pik3r1
Akt1,Foxo3
Akt1,Gsk3a
Akt1,FOXO3
Bsn,Dao
Dao,Dync1h1
Dao,Prrc2c
Dao,Pclo
Dao,Prkcg
Dao,Srcin1
Dao,Pc
Dao,Rapgef4
Dao,Cep97
Dao,Phyhip
Dao,Map1b
Dao,Pabpc1
Dao,Ylpm1
Dao,Ap1b1
Dao,Ppp1cb
Dao,Crmp1
Dao,Erc1
Dao,Clint1
Dao,Dynll2
Dao,Ncoa6
Dao,Dsp
Dao,RGD1307660
Dao,Pfn1
Dao,Sacs
Dao,Myh10
Dao,Atp6v0a1
Dao,Prex2
Dao,Atp6v1a
Dao,Ap2a1
Dao,Immt
Dao,Atp6v1b2
Dao,Sdha
Dao,Ndufa9
Dao,Ank1
Dao,Ap2b1
Dao,Rps3
Dao,Slc4a4
Dao,Rplp0
Dao,Map1a
Dao,Upf1
Dao,Slc12a5
Dao,Erlin2
Dao,Cntnap1
Dao,Ndufs2
Dao,Ap2a2
Dao,Pygb
Pten,Csk
Pten,Gja1
Pten,Src
Csk,Gja1
Dao,Hk1
Dao,C1qbp
Dao,Aqp4
Dao,Ncam1
Dao,Napb
Dao,Myo5a
Dao,LOC100911597
Dao,Slc1a2
Dao,Mtch2
Dao,Atp8a1
Dao,Ndufb5
Dao,Atp6v1c1
Dao,Prkcb
Dao,Ndufv1
Dao,Arf5
Dao,Sfxn3
Dao,Napa
Dao,Rps18
Dao,Sfxn1
Dao,Rab7a
Dao,Ank2
Dao,Kif5c
Dao,Ndufb10
Dao,Negr1
Dao,Ilf2
Dao,Rps8
Dao,Flot1
Dao,Igsf8
Dao,Ndufv2
Dao,Arf4
Dao,Myh9
Dao,Gnb4
Dao,Ppp1cc
Dao,Mff
Dao,Dnm1l
Dao,Rbm14
Dao,Ndufs4
Dao,Ndufb7
Dao,Ndufa12
Dao,Rps19
Dao,Maoa
Dao,Ddx5
Dao,Mtx2
Dao,Stoml2
Dao,Ndufb8
Dao,Rpl7
Dao,Ndufb11
Dao,Cacna2d1
Dao,Dpp6
Dao,Bin1
Dao,Cacna2d2
Dao,Sccpdh
Dao,Rab2a
Dao,Eef1a2
Dao,Dnm3
Dao,Lmnb1
Dao,Syn1
Erbb2,L1cam
Erbb3,L1cam
Dao,Rpl30
Dao,Rpl14
Dao,Pygm
Dao,Elavl1
Dao,Uqcrb
Dao,Ndufa5
Dao,Atp2a3
Dao,Rap1b
Dao,Ndufs8
Dao,Nfasc
Dao,Hp1bp3
Dao,Car4
Dao,Kctd12
Dao,Gria4
Dao,LOC100362640
Dao,Ndufc2
Dao,Idh3B
Dao,Purb
Dao,Slc1a6
Dao,Mapre2
Dao,Myl6
Dao,Apoo
Dao,Gnaq
Dao,Rab5c
Dao,Rtn4
Dao,Tufm
Dao,Mgst3
Dao,Vapa
Dao,Tardbp
Dao,Gja1
Dao,Rplp2
Dao,LOC102555453
Dao,Sec22b
Dao,Erc2
Dao,LOC679739
Dao,Ddx3x
Dao,Cadm3
Dao,Cyfip2
Dao,Ndufa11
Dao,Uqcrfs1
Dao,Fam162a
Dao,Gria1
Dao,Apoe
Dao,Rps2
Dao,Slc32a1
Dao,Thy1
Dao,Inpp5a
Dao,Adam22
Dao,Sdhb
Dao,Rpl3
Dao,Itpr3
Dao,Maob
Dao,Stx7
Dao,Amph
Dao,Ntm
Dao,Myh14
Dao,RGD1562953
Dao,Chchd3
Dao,Arl8a
Dao,Rps6
Dao,Rps9
Dao,Rpl22
Dao,Ddost
Dao,Ogt
Dao,Dync1li2
Dao,Trim3
Dao,Stx12
Dao,Unc13a
Dao,Samm50
Ptprz1,Dlg4
Ptprz1,Erbb4
Ptprz1,Syngap1
Ptprz1,Dlg2
Cdk5,Cdc25a
Cdk5,Cdc25b
Cdk5,Cdc25c
Cdc25a,Ywhae
Cdc25b,Ywhae
Cdc25c,Ywhae
Agap2,Grip1
Ywhah,Nf1
Rtn1,Ryr2
Rtn1,Ryr2
Rtn4,Rtn1
Park2,Trib3
Rtkn,Rhoa
Gapdh,Rilpl1
WWC1,Prkcz
TRAF6,Bag6
Dyrk1a,DCAF7
Hdac1,Daxx
Sqstm1,Lrrk2
Apbb1,ENAH
Ptpn5,Dlg4
Ptpn5,Grin2a
Ptpn5,Fyn
Pink1,Snca
Clcn2,Stip1
Nf1,Sdc3
Nf1,Cask
Sdc2,Sdc3
Sdc2,Nf1
Bcl2l1,Tp53
Pdgfrb,PDGFB
CACNA1A,Rnf138
Cacna1a,Rnf138
Mdm2,Adrb2
Mdm2,Arrb1
Sh2b3,Sh2b1
Sh2b3,Ntrk1
Sh2b1,Ntrk1
Abcc2,Slc9a3r1
Nrg2,Erbb3
Nrg2,Erbb4
Ptgs2,Ptger1
Aatf,Mapt
Grasp,Grm1
Grasp,Grm2
Grasp,Grm3
Grasp,Gabrb2
Grasp,Grm5
Thra,ESR1
Aatf,Mns1
Aatf,Pmf1
Aatf,Tsg101
Aatf,Bloc1s2
Atcay,Gls
Capn1,CPEB3
Capn1,TP53
Capn2,CPEB3
Capn2,TP53
ADAP1,Kif13b
CYTH2,Ipcef1
Adap1,Kif13b
Adora1,Egfr
Adap1,ARF1
Adap1,ARF6
Adap1,ARF5
Adap1,ACTB
Actb,Espn
Espn,Baiap2
Grik2,Dlg4
Grik2,Map3k11
Dlg4,Map3k11
Unc5a,FANCC
HDAC4,Btg2
HDAC1,Btg2
Hdac9,Btg2
MTNR1A,Nsmf
MTNR1B,Acy1
MTNR1B,Alox15
MTNR1B,Ap2b1
MTNR1B,Sorbs2
MTNR1B,Brsk1
MTNR1B,Brsk2
MTNR1B,Ctnna1
MTNR1B,Daam1
MTNR1B,Dync1h1
MTNR1B,Edc4
MTNR1B,Eif4g2
MTNR1B,Gsk3a
MTNR1B,Trip12
MTNR1B,Ikbkb
MTNR1B,Ilk
MTNR1B,Ipo9
MTNR1B,Clint1
MTNR1B,Smarcc2
MTNR1B,Lrpap1
MTNR1B,Nap1l4
MTNR1B,Nsmf
MTNR1B,Prex1
MTNR1B,Ptgs2
MTNR1B,Ubr4
MTNR1B,Rnf123
MTNR1B,Sec31a
MTNR1B,Tnpo2
MTNR1B,Ubqln1
MTNR1B,Ubqln2
MTNR1B,Ubr1
MTNR1B,Ubr5
MTNR1B,Sptb
Prlr,CSH2
Pex14,PEX5
PIP5K1C,Tln1
Slc22a6,Nedd4
Sqstm1,Map1lc3b
Rfwd2,Pnpla2
Csnk2a1,Akt1
Pttg1,Mapk3
Pttg1,Pik3r1
Pttg1,Pik3cg
Agtr1a,Agt
Calm1,Camk1
Calm1,Pnck
Calm1,Camk2a
Calm1,Camk2b
Calm1,Camk2g
Calm1,Camk4
Calm1,Camkk1
Calm1,Camkk2
Calm1,Camkv
Calm1,Phkg2
Calm1,Ppp3ca
Calm1,Nos1
Calm1,Itpka
Calm1,Cnp
Calm1,Pde1a
Calm1,Pde1b
Calm1,Gapdh
Calm1,Pfkm
Calm1,Pygb
Calm1,Atp2b1
Calm1,Itpr1
Calm1,Tuba1a
Calm1,Map6
Calm1,Map2
Calm1,Sptan1
Calm1,Add2
Calm1,Marcks
Calm1,Syn1
Calm1,Syn2
Calm1,Akap5
Calm1,Rph3a
Calm1,Ywhae
Calm1,Mbp
Calm1,Hsp90ab1
Calm1,Ssb
Wfs1,Calm1
AKT1,Csnk1d
PRKCA,Csnk1d
CLK2,Csnk1d
PRKACA,Csnk1d
Csnk1d,CSN2
Csnk1d,TP53
Agtr1a,Drd1
Fgf1,S100a13
GNAI3,Rasa3
Gnai3,Rasa3
INSR,Cav2
Cav2,IRS1
Pik3r1,IRS1
Shc1,INSR
Fbxo2,Sirpa
Fbxo2,Skp1
Cul1,Fbxo2
Klhl3,Mybpc3
Ap3b1,Pld1
Ap3b1,PLD1
Clta,Cltb
Mapk1,Tnfrsf1a
Ntrk2,Uchl1
PARK2,Ube2l3
AR,Psme3
AR,Mdm2
Aoc3,Aldh2
Prkd1,EGFR
Dmpk,Pln
Syt4,Park2
Park2,Syt4
Ptk2,Grin2a
Ptk2,Grin2b
Ptk2,Grin1
Shank3,HRAS
Shank3,KRAS
Shank3,RRAS
Shank3,NRAS
Shank3,RAP1A
Shank3,RAP1B
Mst1,Tnni3
Plcg1,Grb2
GRB2,Plcg1
Scn4a,RYR1
Sumo1,Arc
Arc,Camk2a
Arc,Camk2b
Arc,Dnm2
Arc,Dlg4
erbb2,Erbb3
Erbb3,PIK3R1
Erbb3,cdh11
Rtn4r,Fgf2
Rtn4r,Fgf4
Rtn4r,FGF1
Rtn4r,RTN4
Rtn4r,Fgfr1
HIP1,Ap2b1
Dbn1,Arc
Gja1,Mpc2
Gja1,LOC100362640
Gja1,Hadh
Gja1,Epm2a
Gja1,Gfm1
Gja1,Idh3a
Gja1,Cds2
Gja1,Suclg1
Gja1,Vcp
Gja1,Rpl6
Gja1,Bdh1
Gja1,Cand1
Gja1,Hnrnpk
Gja1,Decr1
Gja1,Kif5b
Gja1,Rps25
Gja1,Echs1
Gja1,Rps3
Gja1,Hnrnph1
Gja1,Sdha
Gja1,Cs
Gja1,Lonp1
Gja1,Atp5g2
Gja1,Opa1
Gja1,Akr7a2
Gja1,Cand2
Gja1,Hspb6
Gja1,Gls2
Gja1,Mfn1
Gja1,Acadm
Gja1,Acp1
Gja1,Alb
Gja1,Atp1a2
Gja1,C3
Gja1,C4a
Gja1,Ckm
Gja1,Gstm2
Gja1,Hbb
Gja1,Hprt1
Gja1,Idh1
Gja1,Itgb1
Gja1,Ivd
Gja1,Ldha
Gja1,Ldhb
Gja1,Mdh1
Gja1,Myl3
Gja1,Lgals3bp
Gja1,Man2c1
Gja1,Pgk1
Gja1,Ppp2ca
Gja1,Prss1
Gja1,Sod2
Gja1,Eef1a2
Gja1,Tf
Gja1,Tpi1
Gja1,Kpnb1
Gja1,Hspa1l
Gja1,Slc16a1
Gja1,Hk1
Gja1,Hk2
Gja1,Pc
Gja1,Fhl1
Gja1,Bgn
Gja1,Bckdha
Gja1,Bsg
Gja1,Acsl1
Gja1,Cycs
Gja1,Phb
Gja1,Acadvl
Gja1,Cpt2
Gja1,Eno3
Gja1,Hba1
Gja1,Anxa5
Gja1,Got2
Gja1,Pygb
Gja1,CYTB
Gja1,ND1
Gja1,COX1
Gja1,ND4
Gja1,ND5
Gja1,Hspa4
Gja1,Prss3
Gja1,Krt17
Gja1,Nit2
Gja1,Pdhb
Gja1,Esd
Gja1,Adprhl1
Gja1,Fbln5
Gja1,Mylk3
Gja1,Casq2
Gja1,Tubb5
Gja1,Rps7
Gja1,Etfb
Gja1,Coq3
Gja1,Ehd1
Gja1,Cct4
Gja1,Actr1a
Gja1,Dync1h1
Gja1,Mccc1
Gja1,Pebp1
Gja1,Myh7
Gja1,Dnajc10
Gja1,Hnrnpa1
Gja1,Mybpc3
Gja1,Timm44
Gja1,Ap1b1
Gja1,Atp2a2
Gja1,Slc8a1
Gja1,Dld
Gja1,Dlst
Gja1,Samm50
Gja1,Krt75
Gja1,Krt1
Gja1,Uqcrc1
Gja1,Abcb7
Gja1,Eif4a2
Gja1,Coq5
Gja1,Hnrnpdl
Gja1,Letm1
Gja1,Vcl
Gja1,Tmem38a
Gja1,Hnrnph2
Gja1,Crat
Gja1,Immt
Gja1,Hsdl2
Gja1,Lrpprc
Gja1,Tuba4a
Gja1,Hba2
Gja1,Rpl23a
Gja1,Adck3
Gja1,Wdr1
Gja1,Ogdh
Gja1,Idh2
Gja1,Mccc2
Gja1,Hnrnpa3
Gja1,Hnrnpa2b1
Gja1,C1qc
Gja1,Hsp90b1
Gja1,Syncrip
Gja1,Myl2
Gja1,Trim72
Gja1,Krt5
Gja1,Krt10
Gja1,Ndufs4
Gja1,Rmdn1
Gja1,Ywhag
Gja1,Gpc1
Gja1,Gpd1
Gja1,Acsf2
Gja1,Fhl2
Gja1,Aldh9a1
Gja1,Atp5h
Gja1,Uba52
Gja1,Hnrnpf
Gja1,Mthfd1
Gja1,Acads
Gja1,Fmod
Gja1,Ech1
Gja1,Pln
Gja1,Mvp
Gja1,Rps8
Gja1,Pfkm
Gja1,LOC683313
Gja1,Pcca
Gja1,Ryr2
Gja1,Oxct1
Gja1,Gys1
Gja1,Fabp3
Gja1,Hsd17b4
Gja1,Aco2
Gja1,Actn1
Gja1,Dlat
Gja1,Lum
Gja1,Aldh6a1
Gja1,Rps9
Gja1,Mdh2
Gja1,Vdac1
Gja1,Vdac3
Gja1,Aifm1
Gja1,Psmd1
Gja1,Idh3B
Gja1,Cox5b
ITCH,Sh3gl2
ITCH,Sptan1
ITCH,Sh3gl1
ITCH,Sh3gl3
ITCH,Bin1
ITCH,Pacsin1
ITCH,Sh3glb2
ITCH,Snx18
ITCH,Src
ITCH,Grb2
ITCH,Amph
ITCH,Cttn
ITCH,Lasp1
ITCH,Dbnl
ITCH,Pacsin2
ITCH,Cd2ap
ITCH,Snx9
ITCH,Stac
Hes1,TLE3
Fgfr1,Frs2
Prkaca,Hif1a
Sparc,Fgf2
Map1lc3b,SQSTM1
Egln1,Rela
Wfdc18,Fgfr1
Tssc1,Vps51
Tssc1,Vps52
Tssc1,Vps53
Tssc1,Ccdc132
Cldn16,Pdzrn3
CLDN16,Pdzrn3
Nfkbia,Sumo2l
Tnfrsf1a,Bag4
Tnfrsf1a,Tradd
Ripk1,Traf2
Ripk1,Tradd
Bcl10,Birc3
Bcl10,Traf2
Map3k5,Ywhab
Map3k5,Ppp5c
Dyrk1a,Hip1
Hip1,Casp3
